CustomerID,recency_days,frequency_orders,monetary_revenue,frequency_orders_c,monetary_revenue_c,recency_days_c,R,F,M,RFM,segment
12346.0,326,1,77183.6,1,19880.99570000001,326.0,1,1,5,115,At Risk (High Value)
12347.0,3,7,4310.0,7,4310.0,3.0,5,5,5,555,Champions
12348.0,76,4,1797.24,4,1797.24,76.0,2,4,4,244,At Risk (High Frequency)
12349.0,19,1,1757.55,1,1757.55,19.0,4,1,4,414,Others
12350.0,311,1,334.4,1,334.4,311.0,1,1,2,112,Hibernating
12352.0,37,8,2506.04,8,2506.04,37.0,3,5,5,355,Others
12353.0,205,1,89.0,1,89.0,205.0,1,1,1,111,Hibernating
12354.0,233,1,1079.4,1,1079.4,233.0,1,1,4,114,At Risk (High Value)
12355.0,215,1,459.4,1,459.4,215.0,1,1,2,112,Hibernating
12356.0,23,3,2811.43,3,2811.43,23.0,4,3,5,435,Loyal Customers
12357.0,34,1,6207.67,1,6207.67,34.0,3,1,5,315,Potential Loyalists
12358.0,2,2,1168.06,2,1168.06,2.0,5,2,4,524,New Customers
12359.0,58,4,6372.58,4,6372.58,58.0,3,4,5,345,Others
12360.0,53,3,2662.06,3,2662.06,53.0,3,3,5,335,Others
12361.0,288,1,189.9,1,189.9,288.0,1,1,1,111,Hibernating
12362.0,4,10,5226.23,10,5226.23,4.0,5,5,5,555,Champions
12363.0,110,2,552.0,2,552.0,110.0,2,2,3,223,Others
12364.0,8,4,1313.1,4,1313.1,8.0,5,4,4,544,Champions
12365.0,292,2,641.38,2,641.38,292.0,1,2,3,123,Others
12367.0,5,1,168.9,1,168.9,5.0,5,1,1,511,New Customers
12370.0,52,4,3545.69,4,3545.69,52.0,3,4,5,345,Others
12371.0,45,2,1887.96,2,1887.96,45.0,3,2,4,324,Potential Loyalists
12372.0,72,3,1298.04,3,1298.04,72.0,3,3,4,334,Others
12373.0,312,1,364.6,1,364.6,312.0,1,1,2,112,Hibernating
12374.0,26,1,742.93,1,742.93,26.0,4,1,3,413,Others
12375.0,11,2,457.5,2,457.5,11.0,5,2,2,522,New Customers
12377.0,316,2,1628.12,2,1628.12,316.0,1,2,4,124,At Risk (High Value)
12378.0,130,1,4008.62,1,4008.62,130.0,2,1,5,215,At Risk (High Value)
12379.0,82,2,852.24,2,852.24,82.0,2,2,3,223,Others
12380.0,22,4,2724.81,4,2724.81,22.0,4,4,5,445,Champions
12381.0,5,5,1845.31,5,1845.31,5.0,5,4,4,544,Champions
12383.0,185,5,1850.56,5,1850.56,185.0,1,4,4,144,At Risk (High Frequency)
12384.0,29,2,585.27,2,585.27,29.0,4,2,3,423,Others
12386.0,338,2,401.9,2,401.9,338.0,1,2,2,122,Hibernating
12388.0,16,6,2780.66,6,2780.66,16.0,4,4,5,445,Champions
12390.0,80,1,549.84,1,549.84,80.0,2,1,3,213,Others
12391.0,22,1,460.89,1,460.89,22.0,4,1,2,412,Others
12393.0,73,4,1582.6,4,1582.6,73.0,2,4,4,244,At Risk (High Frequency)
12394.0,64,2,1272.48,2,1272.48,64.0,3,2,4,324,Potential Loyalists
12395.0,20,12,3018.63,12,3018.63,20.0,4,5,5,455,Champions
12397.0,36,2,2409.9,2,2409.9,36.0,3,2,5,325,Potential Loyalists
12398.0,46,1,1635.66,1,1635.66,46.0,3,1,4,314,Potential Loyalists
12399.0,120,4,1108.65,4,1108.65,120.0,2,4,4,244,At Risk (High Frequency)
12401.0,304,1,84.3,1,84.3,304.0,1,1,1,111,Hibernating
12402.0,324,1,225.6,1,225.6,324.0,1,1,1,111,Hibernating
12403.0,50,1,427.7,1,427.7,50.0,3,1,2,312,Potential Loyalists
12405.0,149,1,1710.39,1,1710.39,149.0,2,1,4,214,At Risk (High Value)
12406.0,23,2,3415.3,2,3415.3,23.0,4,2,5,425,Others
12407.0,50,5,1708.12,5,1708.12,50.0,3,4,4,344,Others
12408.0,33,5,2888.55,5,2888.55,33.0,4,4,5,445,Champions
12409.0,79,3,11072.67,3,11072.67,79.0,2,3,5,235,At Risk (High Value)
12410.0,309,2,693.33,2,693.33,309.0,1,2,3,123,Others
12412.0,75,3,1226.88,3,1226.88,75.0,2,3,4,234,At Risk (High Value)
12413.0,67,3,758.1,3,758.1,67.0,3,3,3,333,Others
12414.0,218,3,562.41,3,562.41,218.0,1,3,3,133,Others
12415.0,25,21,124914.53,21,19880.99570000001,25.0,4,5,5,455,Champions
12417.0,4,9,3649.1,9,3649.1,4.0,5,5,5,555,Champions
12418.0,113,1,668.58,1,668.58,113.0,2,1,3,213,Others
12420.0,64,1,600.39,1,600.39,64.0,3,1,3,313,Potential Loyalists
12421.0,16,4,807.04,4,807.04,16.0,4,4,3,443,Loyal Customers
12422.0,96,3,803.56,3,803.56,96.0,2,3,3,233,Others
12423.0,1,8,1859.31,8,1859.31,1.0,5,5,4,554,Champions
12424.0,163,2,1760.96,2,1760.96,163.0,2,2,4,224,At Risk (High Value)
12425.0,79,1,777.2,1,777.2,79.0,2,1,3,213,Others
12426.0,195,1,582.73,1,582.73,195.0,1,1,3,113,Others
12427.0,22,3,825.8,3,825.8,22.0,4,3,3,433,Loyal Customers
12428.0,26,9,7956.46,9,7956.46,26.0,4,5,5,455,Champions
12429.0,10,4,3750.4,4,3750.4,10.0,5,4,5,545,Champions
12430.0,44,1,256.4,1,256.4,44.0,3,1,2,312,Potential Loyalists
12431.0,36,15,6487.45,15,6487.45,36.0,3,5,5,355,Others
12432.0,43,5,5059.32,5,5059.32,43.0,3,4,5,345,Others
12433.0,1,7,13375.87,7,13375.87,1.0,5,5,5,555,Champions
12434.0,85,2,806.14,2,806.14,85.0,2,2,3,223,Others
12435.0,80,2,7829.89,2,7829.89,80.0,2,2,5,225,At Risk (High Value)
12436.0,100,1,509.01,1,509.01,100.0,2,1,3,213,Others
12437.0,2,18,4951.41,18,4951.41,2.0,5,5,5,555,Champions
12438.0,15,2,2906.85,2,2906.85,15.0,4,2,5,425,Others
12441.0,367,1,173.55,1,173.55,367.0,1,1,1,111,Hibernating
12442.0,4,1,172.06,1,172.06,4.0,5,1,1,511,New Customers
12444.0,22,5,5005.46,5,5005.46,22.0,4,4,5,445,Champions
12445.0,23,1,133.4,1,133.4,23.0,4,1,1,411,Others
12446.0,58,1,1002.31,1,1002.31,58.0,3,1,4,314,Potential Loyalists
12447.0,244,1,476.49,1,476.49,244.0,1,1,2,112,Hibernating
12448.0,45,1,449.45,1,449.45,45.0,3,1,2,312,Potential Loyalists
12449.0,23,4,4067.29,4,4067.29,23.0,4,4,5,445,Champions
12450.0,157,2,197.88,2,197.88,157.0,2,2,1,221,Hibernating
12451.0,11,5,9035.52,5,9035.52,11.0,5,4,5,545,Champions
12452.0,17,2,430.57,2,430.57,17.0,4,2,2,422,Others
12453.0,135,1,707.09,1,707.09,135.0,2,1,3,213,Others
12454.0,57,1,3528.34,1,3528.34,57.0,3,1,5,315,Potential Loyalists
12455.0,74,6,2466.86,6,2466.86,74.0,2,4,5,245,At Risk (High Frequency)
12456.0,45,3,3181.04,3,3181.04,45.0,3,3,5,335,Others
12457.0,67,7,2363.23,7,2363.23,67.0,3,5,5,355,Others
12458.0,72,2,947.4,2,947.4,72.0,3,2,4,324,Potential Loyalists
12461.0,95,2,826.88,2,826.88,95.0,2,2,3,223,Others
12462.0,19,2,1189.59,2,1189.59,19.0,4,2,4,424,Others
12463.0,54,4,1344.78,4,1344.78,54.0,3,4,4,344,Others
12464.0,11,8,1212.05,8,1212.05,11.0,5,5,4,554,Champions
12465.0,18,2,742.19,2,742.19,18.0,4,2,3,423,Others
12468.0,188,2,729.54,2,729.54,188.0,1,2,3,123,Others
12471.0,3,30,19824.05,30,19824.05,3.0,5,5,5,555,Champions
12472.0,33,7,6572.11,7,6572.11,33.0,4,5,5,455,Champions
12473.0,30,5,3938.55,5,3938.55,30.0,4,4,5,445,Champions
12474.0,18,18,7375.79,18,7375.79,18.0,4,5,5,455,Champions
12475.0,54,1,723.38,1,723.38,54.0,3,1,3,313,Potential Loyalists
12476.0,16,11,6816.42,11,6816.42,16.0,4,5,5,455,Champions
12477.0,23,6,13219.74,6,13219.74,23.0,4,4,5,445,Champions
12478.0,4,1,680.99,1,680.99,4.0,5,1,3,513,New Customers
12479.0,12,1,527.2,1,527.2,12.0,5,1,3,513,New Customers
12480.0,29,4,3281.63,4,3281.63,29.0,4,4,5,445,Champions
12481.0,23,10,5596.32,10,5596.32,23.0,4,5,5,455,Champions
12483.0,18,8,2484.98,8,2484.98,18.0,4,5,5,455,Champions
12484.0,33,6,4541.72,6,4541.72,33.0,4,4,5,445,Champions
12488.0,10,3,1298.66,3,1298.66,10.0,5,3,4,534,Loyal Customers
12489.0,337,1,334.93,1,334.93,337.0,1,1,2,112,Hibernating
12490.0,6,10,5417.93,10,5417.93,6.0,5,5,5,555,Champions
12491.0,39,1,460.4,1,460.4,39.0,3,1,2,312,Potential Loyalists
12492.0,64,2,263.21,2,263.21,64.0,3,2,2,322,Potential Loyalists
12493.0,166,2,433.74,2,433.74,166.0,2,2,2,222,Hibernating
12494.0,16,7,1246.1,7,1246.1,16.0,4,5,4,454,Champions
12497.0,82,1,1043.1,1,1043.1,82.0,2,1,4,214,At Risk (High Value)
12498.0,22,3,403.7,3,403.7,22.0,4,3,2,432,Others
12500.0,24,11,4257.82,11,4257.82,24.0,4,5,5,455,Champions
12501.0,337,1,2169.39,1,2169.39,337.0,1,1,5,115,At Risk (High Value)
12502.0,96,5,3723.87,5,3723.87,96.0,2,4,5,245,At Risk (High Frequency)
12504.0,19,2,482.05,2,482.05,19.0,4,2,2,422,Others
12506.0,233,1,73.5,1,73.5,233.0,1,1,1,111,Hibernating
12507.0,135,3,1304.81,3,1304.81,135.0,2,3,4,234,At Risk (High Value)
12508.0,27,2,398.27,2,398.27,27.0,4,2,2,422,Others
12509.0,285,1,176.5,1,176.5,285.0,1,1,1,111,Hibernating
12510.0,143,2,982.57,2,982.57,143.0,2,2,4,224,At Risk (High Value)
12512.0,67,2,138.03,2,138.03,67.0,3,2,1,321,Potential Loyalists
12513.0,113,1,612.29,1,612.29,113.0,2,1,3,213,Others
12514.0,268,1,1017.68,1,1017.68,268.0,1,1,4,114,At Risk (High Value)
12515.0,354,1,383.7,1,383.7,354.0,1,1,2,112,Hibernating
12516.0,78,2,1312.06,2,1312.06,78.0,2,2,4,224,At Risk (High Value)
12517.0,29,5,2502.84,5,2502.84,29.0,4,4,5,445,Champions
12518.0,1,5,2056.89,5,2056.89,1.0,5,4,4,544,Champions
12519.0,64,1,340.84,1,340.84,64.0,3,1,2,312,Potential Loyalists
12520.0,80,5,2634.26,5,2634.26,80.0,2,4,5,245,At Risk (High Frequency)
12521.0,143,1,599.68,1,599.68,143.0,2,1,3,213,Others
12522.0,40,2,192.72,2,192.72,40.0,3,2,1,321,Potential Loyalists
12523.0,20,11,1789.77,11,1789.77,20.0,4,5,4,454,Champions
12524.0,10,8,4485.72,8,4485.72,10.0,5,5,5,555,Champions
12526.0,1,3,1316.66,3,1316.66,1.0,5,3,4,534,Loyal Customers
12527.0,82,3,348.71,3,348.71,82.0,2,3,2,232,Others
12528.0,10,6,1933.48,6,1933.48,10.0,5,5,4,554,Champions
12530.0,60,4,1662.28,4,1662.28,60.0,3,4,4,344,Others
12531.0,15,1,125.22,1,125.22,15.0,4,1,1,411,Others
12532.0,31,1,349.83,1,349.83,31.0,4,1,2,412,Others
12534.0,131,1,1089.18,1,1089.18,131.0,2,1,4,214,At Risk (High Value)
12535.0,92,2,716.35,2,716.35,92.0,2,2,3,223,Others
12536.0,44,3,12601.83,3,12601.83,44.0,3,3,5,335,Others
12538.0,30,1,363.95,1,363.95,30.0,4,1,2,412,Others
12539.0,23,4,5568.35,4,5568.35,23.0,4,4,5,445,Champions
12540.0,20,17,13400.24,17,13400.24,20.0,4,5,5,455,Champions
12541.0,30,3,981.18,3,981.18,30.0,4,3,4,434,Loyal Customers
12544.0,37,1,372.7,1,372.7,37.0,3,1,2,312,Potential Loyalists
12545.0,76,2,1000.39,2,1000.39,76.0,2,2,4,224,At Risk (High Value)
12546.0,47,2,1161.5,2,1161.5,47.0,3,2,4,324,Potential Loyalists
12547.0,198,2,207.8,2,207.8,198.0,1,2,1,121,Hibernating
12548.0,167,1,95.2,1,95.2,167.0,2,1,1,211,Hibernating
12550.0,80,1,964.83,1,964.83,80.0,2,1,4,214,At Risk (High Value)
12551.0,358,1,168.0,1,168.0,358.0,1,1,1,111,Hibernating
12552.0,39,2,437.82,2,437.82,39.0,3,2,2,322,Potential Loyalists
12553.0,9,10,3692.28,10,3692.28,9.0,5,5,5,555,Champions
12556.0,51,2,603.71,2,603.71,51.0,3,2,3,323,Potential Loyalists
12557.0,17,5,11990.96,5,11990.96,17.0,4,4,5,445,Champions
12558.0,8,1,269.96,1,269.96,8.0,5,1,2,512,New Customers
12559.0,311,2,561.71,2,561.71,311.0,1,2,3,123,Others
12560.0,6,3,2134.01,3,2134.01,6.0,5,3,5,535,Loyal Customers
12561.0,303,1,238.85,1,238.85,303.0,1,1,1,111,Hibernating
12562.0,9,7,3781.74,7,3781.74,9.0,5,5,5,555,Champions
12564.0,262,1,456.9,1,456.9,262.0,1,1,2,112,Hibernating
12565.0,289,1,145.92,1,145.92,289.0,1,1,1,111,Hibernating
12566.0,87,1,351.65,1,351.65,87.0,2,1,2,212,Hibernating
12567.0,23,10,9401.28,10,9401.28,23.0,4,5,5,455,Champions
12569.0,3,32,4124.69,30,4124.69,3.0,5,5,5,555,Champions
12571.0,40,2,519.61,2,519.61,40.0,3,2,3,323,Potential Loyalists
12572.0,9,2,1020.42,2,1020.42,9.0,5,2,4,524,New Customers
12573.0,228,1,160.54,1,160.54,228.0,1,1,1,111,Hibernating
12574.0,316,1,218.45,1,218.45,316.0,1,1,1,111,Hibernating
12576.0,36,5,1315.83,5,1315.83,36.0,3,4,4,344,Others
12577.0,36,3,657.8,3,657.8,36.0,3,3,3,333,Others
12578.0,22,2,2794.51,2,2794.51,22.0,4,2,5,425,Others
12579.0,79,1,440.42,1,440.42,79.0,2,1,2,212,Hibernating
12580.0,247,1,415.7,1,415.7,247.0,1,1,2,112,Hibernating
12581.0,40,1,197.71,1,197.71,40.0,3,1,1,311,Potential Loyalists
12582.0,239,2,511.36,2,511.36,239.0,1,2,3,123,Others
12583.0,3,15,7281.38,15,7281.38,3.0,5,5,5,555,Champions
12584.0,4,9,2338.15,9,2338.15,4.0,5,5,5,555,Champions
12585.0,235,2,2040.1,2,2040.1,235.0,1,2,4,124,At Risk (High Value)
12586.0,18,1,196.94,1,196.94,18.0,4,1,1,411,Others
12587.0,8,1,144.0,1,144.0,8.0,5,1,1,511,New Customers
12588.0,40,1,214.9,1,214.9,40.0,3,1,1,311,Potential Loyalists
12589.0,29,2,646.68,2,646.68,29.0,4,2,3,423,Others
12590.0,212,2,9864.26,2,9864.26,212.0,1,2,5,125,At Risk (High Value)
12591.0,318,1,452.85,1,452.85,318.0,1,1,2,112,Hibernating
12592.0,93,2,437.6,2,437.6,93.0,2,2,2,222,Hibernating
12593.0,109,3,418.1,3,418.1,109.0,2,3,2,232,Others
12594.0,38,10,3338.22,10,3338.22,38.0,3,5,5,355,Others
12596.0,52,2,618.27,2,618.27,52.0,3,2,3,323,Potential Loyalists
12597.0,20,4,3811.22,4,3811.22,20.0,4,4,5,445,Champions
12598.0,10,8,3023.08,8,3023.08,10.0,5,5,5,555,Champions
12599.0,30,7,1032.58,7,1032.58,30.0,4,5,4,454,Champions
12600.0,29,10,2599.04,10,2599.04,29.0,4,5,5,455,Champions
12601.0,190,5,577.06,5,577.06,190.0,1,4,3,143,At Risk (High Frequency)
12602.0,59,1,153.12,1,153.12,59.0,3,1,1,311,Potential Loyalists
12603.0,22,1,739.2,1,739.2,22.0,4,1,3,413,Others
12604.0,80,2,254.18,2,254.18,80.0,2,2,2,222,Hibernating
12607.0,61,1,1579.51,1,1579.51,61.0,3,1,4,314,Potential Loyalists
12609.0,79,3,1126.85,3,1126.85,79.0,2,3,4,234,At Risk (High Value)
12610.0,23,5,2099.54,5,2099.54,23.0,4,4,5,445,Champions
12611.0,53,1,1193.32,1,1193.32,53.0,3,1,4,314,Potential Loyalists
12612.0,75,1,704.04,1,704.04,75.0,2,1,3,213,Others
12613.0,58,5,3344.38,5,3344.38,58.0,3,4,5,345,Others
12614.0,278,1,315.6,1,315.6,278.0,1,1,2,112,Hibernating
12615.0,3,4,2291.19,4,2291.19,3.0,5,4,5,545,Champions
12616.0,96,2,713.3,2,713.3,96.0,2,2,3,223,Others
12617.0,30,1,355.53,1,355.53,30.0,4,1,2,412,Others
12618.0,22,1,177.31,1,177.31,22.0,4,1,1,411,Others
12619.0,17,9,3641.24,9,3641.24,17.0,4,5,5,455,Champions
12620.0,15,3,1339.41,3,1339.41,15.0,4,3,4,434,Loyal Customers
12621.0,2,20,13689.67,20,13689.67,2.0,5,5,5,555,Champions
12622.0,233,1,180.1,1,180.1,233.0,1,1,1,111,Hibernating
12623.0,277,1,305.1,1,305.1,277.0,1,1,2,112,Hibernating
12624.0,107,2,641.13,2,641.13,107.0,2,2,3,223,Others
12625.0,212,2,2683.82,2,2683.82,212.0,1,2,5,125,At Risk (High Value)
12626.0,24,9,6620.48,9,6620.48,24.0,4,5,5,455,Champions
12627.0,11,7,4478.53,7,4478.53,11.0,5,5,5,555,Champions
12628.0,5,3,786.46,3,786.46,5.0,5,3,3,533,Loyal Customers
12630.0,10,2,1270.88,2,1270.88,10.0,5,2,4,524,New Customers
12631.0,58,1,640.5,1,640.5,58.0,3,1,3,313,Potential Loyalists
12633.0,59,4,2163.98,4,2163.98,59.0,3,4,5,345,Others
12635.0,90,2,1689.18,2,1689.18,90.0,2,2,4,224,At Risk (High Value)
12637.0,68,8,6021.9,8,6021.9,68.0,3,5,5,355,Others
12638.0,34,1,671.69,1,671.69,34.0,3,1,3,313,Potential Loyalists
12639.0,239,1,486.1,1,486.1,239.0,1,1,2,112,Hibernating
12640.0,24,3,1174.58,3,1174.58,24.0,4,3,4,434,Loyal Customers
12641.0,116,1,185.9,1,185.9,116.0,2,1,1,211,Hibernating
12642.0,26,3,1013.26,3,1013.26,26.0,4,3,4,434,Loyal Customers
12643.0,129,6,3344.64,6,3344.64,129.0,2,5,5,255,At Risk (High Frequency)
12644.0,130,1,477.91,1,477.91,130.0,2,1,2,212,Hibernating
12645.0,34,4,1775.18,4,1775.18,34.0,3,4,4,344,Others
12646.0,5,2,1346.97,2,1346.97,5.0,5,2,4,524,New Customers
12647.0,23,12,3722.82,12,3722.82,23.0,4,5,5,455,Champions
12648.0,155,1,318.05,1,318.05,155.0,2,1,2,212,Hibernating
12649.0,108,3,623.51,3,623.51,108.0,2,3,3,233,Others
12650.0,4,1,314.44,1,314.44,4.0,5,1,2,512,New Customers
12651.0,335,1,114.0,1,114.0,335.0,1,1,1,111,Hibernating
12652.0,332,1,919.98,1,919.98,332.0,1,1,3,113,Others
12653.0,149,2,2209.85,2,2209.85,149.0,2,2,5,225,At Risk (High Value)
12654.0,11,5,601.98,5,601.98,11.0,5,4,3,543,Loyal Customers
12656.0,18,5,4051.17,5,4051.17,18.0,4,4,5,445,Champions
12657.0,12,4,1643.18,4,1643.18,12.0,5,4,4,544,Champions
12658.0,19,1,686.05,1,686.05,19.0,4,1,3,413,Others
12659.0,30,1,91.68,1,91.68,30.0,4,1,1,411,Others
12660.0,12,1,245.1,1,245.1,12.0,5,1,1,511,New Customers
12662.0,1,11,3849.78,11,3849.78,1.0,5,5,5,555,Champions
12664.0,9,9,4881.88,9,4881.88,9.0,5,5,5,555,Champions
12665.0,325,1,63.0,1,63.0,325.0,1,1,1,111,Hibernating
12667.0,59,1,620.13,1,620.13,59.0,3,1,3,313,Potential Loyalists
12668.0,12,4,3807.15,4,3807.15,12.0,5,4,5,545,Champions
12669.0,151,3,2744.03,3,2744.03,151.0,2,3,5,235,At Risk (High Value)
12670.0,11,5,2996.05,5,2996.05,11.0,5,4,5,545,Champions
12672.0,330,1,225.9,1,225.9,330.0,1,1,1,111,Hibernating
12673.0,6,2,610.52,2,610.52,6.0,5,2,3,523,New Customers
12674.0,39,4,1970.6,4,1970.6,39.0,3,4,4,344,Others
12676.0,25,6,1331.39,6,1331.39,25.0,4,5,4,454,Champions
12678.0,43,12,17628.46,12,17628.46,43.0,3,5,5,355,Others
12679.0,59,4,1113.02,4,1113.02,59.0,3,4,4,344,Others
12680.0,1,4,862.81,4,862.81,1.0,5,4,3,543,Loyal Customers
12681.0,15,22,13787.54,22,13787.54,15.0,4,5,5,455,Champions
12682.0,4,31,12288.22,30,12288.22,4.0,5,5,5,555,Champions
12683.0,5,15,8476.57,15,8476.57,5.0,5,5,5,555,Champions
12684.0,8,7,2283.63,7,2283.63,8.0,5,5,5,555,Champions
12685.0,29,6,2863.08,6,2863.08,29.0,4,5,5,455,Champions
12686.0,372,1,89.14,1,89.14,369.6300000000001,1,1,1,111,Hibernating
12688.0,114,1,4873.81,1,4873.81,114.0,2,1,5,215,At Risk (High Value)
12689.0,26,2,1247.61,2,1247.61,26.0,4,2,4,424,Others
12690.0,206,1,389.01,1,389.01,206.0,1,1,2,112,Hibernating
12691.0,29,6,1035.8,6,1035.8,29.0,4,5,4,454,Champions
12693.0,128,4,855.91,4,855.91,128.0,2,4,3,243,At Risk (High Frequency)
12694.0,71,2,869.67,2,869.67,71.0,3,2,3,323,Potential Loyalists
12695.0,8,4,582.1,4,582.1,8.0,5,4,3,543,Loyal Customers
12697.0,29,3,957.59,3,957.59,29.0,4,3,4,434,Loyal Customers
12700.0,8,4,4939.99,4,4939.99,8.0,5,4,5,545,Champions
12701.0,80,2,797.71,2,797.71,80.0,2,2,3,223,Others
12702.0,20,1,219.0,1,219.0,20.0,4,1,1,411,Others
12703.0,72,1,283.55,1,283.55,72.0,3,1,2,312,Potential Loyalists
12704.0,8,8,2340.84,8,2340.84,8.0,5,5,5,555,Champions
12705.0,16,9,6868.29,9,6868.29,16.0,4,5,5,455,Champions
12707.0,292,1,603.42,1,603.42,292.0,1,1,3,113,Others
12708.0,30,10,2712.91,10,2712.91,30.0,4,5,5,455,Champions
12709.0,16,15,9736.52,15,9736.52,16.0,4,5,5,455,Champions
12710.0,97,3,1149.02,3,1149.02,97.0,2,3,4,234,At Risk (High Value)
12712.0,29,13,4396.13,13,4396.13,29.0,4,5,5,455,Champions
12713.0,1,1,848.55,1,848.55,1.0,5,1,3,513,New Customers
12714.0,10,5,4708.86,5,4708.86,10.0,5,4,5,545,Champions
12715.0,107,1,353.86,1,353.86,107.0,2,1,2,212,Hibernating
12716.0,4,2,1053.49,2,1053.49,4.0,5,2,4,524,New Customers
12717.0,152,2,1030.98,2,1030.98,152.0,2,2,4,224,At Risk (High Value)
12718.0,72,1,238.25,1,238.25,72.0,3,1,1,311,Potential Loyalists
12719.0,6,2,644.95,2,644.95,6.0,5,2,3,523,New Customers
12720.0,3,25,5781.73,25,5781.73,3.0,5,5,5,555,Champions
12721.0,32,6,2656.13,6,2656.13,32.0,4,5,5,455,Champions
12722.0,86,4,997.63,4,997.63,86.0,2,4,4,244,At Risk (High Frequency)
12723.0,4,5,725.07,5,725.07,4.0,5,4,3,543,Loyal Customers
12724.0,6,4,1031.41,4,1031.41,6.0,5,4,4,544,Champions
12725.0,372,1,427.8,1,427.8,369.6300000000001,1,1,2,112,Hibernating
12726.0,29,7,2609.1,7,2609.1,29.0,4,5,5,455,Champions
12727.0,11,7,3980.7,7,3980.7,11.0,5,5,5,555,Champions
12728.0,72,4,836.33,4,836.33,72.0,3,4,3,343,Others
12729.0,114,1,453.01,1,453.01,114.0,2,1,2,212,Hibernating
12731.0,24,12,18895.91,12,18895.91,24.0,4,5,5,455,Champions
12732.0,180,1,236.26,1,236.26,180.0,2,1,1,211,Hibernating
12733.0,235,1,383.95,1,383.95,235.0,1,1,2,112,Hibernating
12734.0,353,1,110.4,1,110.4,353.0,1,1,1,111,Hibernating
12735.0,316,2,779.57,2,779.57,316.0,1,2,3,123,Others
12736.0,333,1,234.0,1,234.0,333.0,1,1,1,111,Hibernating
12738.0,373,1,155.35,1,155.35,369.6300000000001,1,1,1,111,Hibernating
12739.0,79,2,1013.04,2,1013.04,79.0,2,2,4,224,At Risk (High Value)
12740.0,64,1,427.6,1,427.6,64.0,3,1,2,312,Potential Loyalists
12743.0,135,2,546.43,2,546.43,135.0,2,2,3,223,Others
12744.0,52,7,21279.29,7,19880.99570000001,52.0,3,5,5,355,Others
12747.0,3,11,4196.01,11,4196.01,3.0,5,5,5,555,Champions
12748.0,1,209,33719.73,30,19880.99570000001,1.0,5,5,5,555,Champions
12749.0,4,5,4090.88,5,4090.88,4.0,5,4,5,545,Champions
12750.0,129,1,275.88,1,275.88,129.0,2,1,2,212,Hibernating
12752.0,82,1,4366.78,1,4366.78,82.0,2,1,5,215,At Risk (High Value)
12753.0,23,6,21429.39,6,19880.99570000001,23.0,4,5,5,455,Champions
12754.0,236,3,3010.74,3,3010.74,236.0,1,3,5,135,At Risk (High Value)
12755.0,281,2,3811.95,2,3811.95,281.0,1,2,5,125,At Risk (High Value)
12756.0,87,1,112.08,1,112.08,87.0,2,1,1,211,Hibernating
12757.0,16,13,7857.1,13,7857.1,16.0,4,5,5,455,Champions
12758.0,117,2,2791.59,2,2791.59,117.0,2,2,5,225,At Risk (High Value)
12759.0,53,3,1531.44,3,1531.44,53.0,3,3,4,334,Others
12762.0,8,2,1898.52,2,1898.52,8.0,5,2,4,524,New Customers
12763.0,139,2,494.08,2,494.08,139.0,2,2,3,223,Others
12764.0,317,1,1693.88,1,1693.88,317.0,1,1,4,114,At Risk (High Value)
12766.0,4,7,6989.63,7,6989.63,4.0,5,5,5,555,Champions
12769.0,239,1,1143.6,1,1143.6,239.0,1,1,4,114,At Risk (High Value)
12770.0,211,1,1351.45,1,1351.45,211.0,1,1,4,114,At Risk (High Value)
12772.0,60,1,892.47,1,892.47,60.0,3,1,3,313,Potential Loyalists
12775.0,18,5,1386.04,5,1386.04,18.0,4,4,4,444,Champions
12778.0,20,6,822.23,6,822.23,20.0,4,5,3,453,Loyal Customers
12779.0,38,8,3981.36,8,3981.36,38.0,3,5,5,355,Others
12781.0,64,2,826.74,2,826.74,64.0,3,2,3,323,Potential Loyalists
12782.0,5,5,2330.92,5,2330.92,5.0,5,4,5,545,Champions
12783.0,3,6,2225.91,6,2225.91,3.0,5,5,5,555,Champions
12784.0,10,2,574.42,2,574.42,10.0,5,2,3,523,New Customers
12785.0,365,1,311.95,1,311.95,365.0,1,1,2,112,Hibernating
12787.0,10,3,463.66,3,463.66,10.0,5,3,2,532,Others
12789.0,66,1,91.85,1,91.85,66.0,3,1,1,311,Potential Loyalists
12790.0,193,1,324.92,1,324.92,193.0,1,1,2,112,Hibernating
12791.0,374,1,192.6,1,192.6,369.6300000000001,1,1,1,111,Hibernating
12792.0,257,1,400.54,1,400.54,257.0,1,1,2,112,Hibernating
12793.0,335,2,545.48,2,545.48,335.0,1,2,3,123,Others
12794.0,54,2,860.41,2,860.41,54.0,3,2,3,323,Potential Loyalists
12795.0,19,1,430.48,1,430.48,19.0,4,1,2,412,Others
12797.0,366,1,254.03,1,254.03,366.0,1,1,2,112,Hibernating
12798.0,11,3,6977.04,3,6977.04,11.0,5,3,5,535,Loyal Customers
12802.0,187,1,427.58,1,427.58,187.0,1,1,2,112,Hibernating
12808.0,37,3,483.65,3,483.65,37.0,3,3,2,332,Others
12809.0,178,1,489.31,1,489.31,178.0,2,1,2,212,Hibernating
12811.0,261,3,514.85,3,514.85,261.0,1,3,3,133,Others
12812.0,45,1,229.64,1,229.64,45.0,3,1,1,311,Potential Loyalists
12814.0,102,1,125.92,1,125.92,102.0,2,1,1,211,Hibernating
12815.0,148,2,1063.46,2,1063.46,148.0,2,2,4,224,At Risk (High Value)
12816.0,96,2,572.2,2,572.2,96.0,2,2,3,223,Others
12817.0,282,1,166.04,1,166.04,282.0,1,1,1,111,Hibernating
12818.0,262,1,1542.08,1,1542.08,262.0,1,1,4,114,At Risk (High Value)
12820.0,4,4,942.34,4,942.34,4.0,5,4,4,544,Champions
12821.0,215,1,92.72,1,92.72,215.0,1,1,1,111,Hibernating
12822.0,71,2,948.88,2,948.88,71.0,3,2,4,324,Potential Loyalists
12823.0,75,5,1759.5,5,1759.5,75.0,2,4,4,244,At Risk (High Frequency)
12824.0,60,1,397.12,1,397.12,60.0,3,1,2,312,Potential Loyalists
12826.0,3,7,1474.72,7,1474.72,3.0,5,5,4,554,Champions
12827.0,6,3,430.15,3,430.15,6.0,5,3,2,532,Others
12828.0,3,6,1018.71,6,1018.71,3.0,5,5,4,554,Champions
12829.0,337,2,293.0,2,293.0,337.0,1,2,2,122,Hibernating
12830.0,38,6,6814.64,6,6814.64,38.0,3,5,5,355,Others
12831.0,263,1,215.05,1,215.05,263.0,1,1,1,111,Hibernating
12832.0,33,2,383.03,2,383.03,33.0,4,2,2,422,Others
12833.0,146,1,417.38,1,417.38,146.0,2,1,2,212,Hibernating
12834.0,283,1,312.38,1,312.38,283.0,1,1,2,112,Hibernating
12836.0,60,4,2612.86,4,2612.86,60.0,3,4,5,345,Others
12837.0,174,1,134.1,1,134.1,174.0,2,1,1,211,Hibernating
12838.0,34,2,683.13,2,683.13,34.0,3,2,3,323,Potential Loyalists
12839.0,3,14,5591.42,14,5591.42,3.0,5,5,5,555,Champions
12840.0,144,4,2726.77,4,2726.77,144.0,2,4,5,245,At Risk (High Frequency)
12841.0,5,25,4022.35,25,4022.35,5.0,5,5,5,555,Champions
12842.0,71,2,1118.99,2,1118.99,71.0,3,2,4,324,Potential Loyalists
12843.0,66,8,1702.26,8,1702.26,66.0,3,5,4,354,Others
12844.0,30,2,325.96,2,325.96,30.0,4,2,2,422,Others
12845.0,268,4,354.09,4,354.09,268.0,1,4,2,142,At Risk (High Frequency)
12847.0,23,1,871.54,1,871.54,23.0,4,1,3,413,Others
12849.0,32,2,1050.89,2,1050.89,32.0,4,2,4,424,Others
12851.0,97,1,135.18,1,135.18,97.0,2,1,1,211,Hibernating
12852.0,295,1,311.55,1,311.55,295.0,1,1,2,112,Hibernating
12853.0,135,6,1957.1,6,1957.1,135.0,2,5,4,254,At Risk (High Frequency)
12854.0,79,3,1324.5,3,1324.5,79.0,2,3,4,234,At Risk (High Value)
12855.0,373,1,38.1,1,38.1,369.6300000000001,1,1,1,111,Hibernating
12856.0,8,6,2179.93,6,2179.93,8.0,5,5,5,555,Champions
12857.0,211,2,1106.4,2,1106.4,211.0,1,2,4,124,At Risk (High Value)
12863.0,53,1,521.2,1,521.2,53.0,3,1,3,313,Potential Loyalists
12864.0,139,1,147.12,1,147.12,139.0,2,1,1,211,Hibernating
12865.0,27,2,1568.23,2,1568.23,27.0,4,2,4,424,Others
12866.0,284,1,559.12,1,559.12,284.0,1,1,3,113,Others
12867.0,27,7,4036.82,7,4036.82,27.0,4,5,5,455,Champions
12868.0,186,6,1607.06,6,1607.06,186.0,1,5,4,154,At Risk (High Frequency)
12871.0,85,2,380.64,2,380.64,85.0,2,2,2,222,Hibernating
12872.0,327,2,599.97,2,599.97,327.0,1,2,3,123,Others
12873.0,283,1,374.0,1,374.0,283.0,1,1,2,112,Hibernating
12875.0,144,2,343.23,2,343.23,144.0,2,2,2,222,Hibernating
12876.0,58,2,2218.02,2,2218.02,58.0,3,2,5,325,Potential Loyalists
12877.0,4,12,1535.77,12,1535.77,4.0,5,5,4,554,Champions
12878.0,237,2,854.99,2,854.99,237.0,1,2,3,123,Others
12879.0,45,3,573.22,3,573.22,45.0,3,3,3,333,Others
12881.0,276,1,298.0,1,298.0,276.0,1,1,2,112,Hibernating
12882.0,10,2,1463.04,2,1463.04,10.0,5,2,4,524,New Customers
12883.0,25,4,703.47,4,703.47,25.0,4,4,3,443,Loyal Customers
12884.0,89,1,309.05,1,309.05,89.0,2,1,2,212,Hibernating
12885.0,64,3,1175.22,3,1175.22,64.0,3,3,4,334,Others
12886.0,68,2,1378.4,2,1378.4,68.0,3,2,4,324,Potential Loyalists
12888.0,215,2,354.12,2,354.12,215.0,1,2,2,122,Hibernating
12890.0,25,1,380.47,1,380.47,25.0,4,1,2,412,Others
12891.0,186,3,331.0,3,331.0,186.0,1,3,2,132,Others
12893.0,31,1,188.14,1,188.14,31.0,4,1,1,411,Others
12895.0,43,2,372.8,2,372.8,43.0,3,2,2,322,Potential Loyalists
12897.0,205,2,216.5,2,216.5,205.0,1,2,1,121,Hibernating
12901.0,9,28,17654.54,28,17654.54,9.0,5,5,5,555,Champions
12902.0,265,1,138.68,1,138.68,265.0,1,1,1,111,Hibernating
12904.0,19,2,509.58,2,509.58,19.0,4,2,3,423,Others
12906.0,12,5,2919.81,5,2919.81,12.0,5,4,5,545,Champions
12908.0,177,2,750.0,2,750.0,177.0,2,2,3,223,Others
12909.0,40,5,2178.67,5,2178.67,40.0,3,4,5,345,Others
12910.0,24,8,3075.04,8,3075.04,24.0,4,5,5,455,Champions
12912.0,3,5,1662.3,5,1662.3,3.0,5,4,4,544,Champions
12913.0,5,5,2483.63,5,2483.63,5.0,5,4,5,545,Champions
12915.0,149,2,363.65,2,363.65,149.0,2,2,2,222,Hibernating
12916.0,139,4,3006.15,4,3006.15,139.0,2,4,5,245,At Risk (High Frequency)
12917.0,129,1,594.0,1,594.0,129.0,2,1,3,213,Others
12919.0,9,6,1335.19,6,1335.19,9.0,5,5,4,554,Champions
12920.0,18,1,164.23,1,164.23,18.0,4,1,1,411,Others
12921.0,10,37,16587.09,30,16587.09,10.0,5,5,5,555,Champions
12922.0,162,1,405.38,1,405.38,162.0,2,1,2,212,Hibernating
12923.0,65,1,176.97,1,176.97,65.0,3,1,1,311,Potential Loyalists
12924.0,89,4,933.7,4,933.7,89.0,2,4,3,243,At Risk (High Frequency)
12925.0,5,2,694.05,2,694.05,5.0,5,2,3,523,New Customers
12928.0,36,5,2062.7,5,2062.7,36.0,3,4,5,345,Others
12929.0,312,1,117.85,1,117.85,312.0,1,1,1,111,Hibernating
12930.0,79,2,415.8,2,415.8,79.0,2,2,2,222,Hibernating
12931.0,22,15,42055.96,15,19880.99570000001,22.0,4,5,5,455,Champions
12933.0,25,3,607.53,3,607.53,25.0,4,3,3,433,Loyal Customers
12935.0,3,7,2160.7,7,2160.7,3.0,5,5,5,555,Champions
12936.0,18,4,1063.9,4,1063.9,18.0,4,4,4,444,Champions
12937.0,16,4,1504.27,4,1504.27,16.0,4,4,4,444,Champions
12938.0,26,1,114.14,1,114.14,26.0,4,1,1,411,Others
12939.0,65,8,11581.8,8,11581.8,65.0,3,5,5,355,Others
12940.0,55,2,913.54,2,913.54,55.0,3,2,3,323,Potential Loyalists
12942.0,132,3,683.9,3,683.9,132.0,2,3,3,233,Others
12944.0,36,2,604.51,2,604.51,36.0,3,2,3,323,Potential Loyalists
12945.0,289,1,462.95,1,462.95,289.0,1,1,2,112,Hibernating
12947.0,144,6,1603.99,6,1603.99,144.0,2,5,4,254,At Risk (High Frequency)
12948.0,17,7,2064.95,7,2064.95,17.0,4,5,5,455,Champions
12949.0,31,8,4167.22,8,4167.22,31.0,4,5,5,455,Champions
12950.0,3,3,1843.0,3,1843.0,3.0,5,3,4,534,Loyal Customers
12951.0,9,6,1064.07,6,1064.07,9.0,5,5,4,554,Champions
12952.0,6,4,1387.79,4,1387.79,6.0,5,4,4,544,Champions
12953.0,10,1,329.85,1,329.85,10.0,5,1,2,512,New Customers
12955.0,2,11,4757.16,11,4757.16,2.0,5,5,5,555,Champions
12956.0,307,1,108.07,1,108.07,307.0,1,1,1,111,Hibernating
12957.0,10,8,4017.54,8,4017.54,10.0,5,5,5,555,Champions
12962.0,8,2,266.39,2,266.39,8.0,5,2,2,522,New Customers
12963.0,9,8,1856.63,8,1856.63,9.0,5,5,4,554,Champions
12965.0,90,1,771.91,1,771.91,90.0,2,1,3,213,Others
12966.0,10,1,160.18,1,160.18,10.0,5,1,1,511,New Customers
12967.0,359,2,1660.9,2,1660.9,359.0,1,2,4,124,At Risk (High Value)
12968.0,113,1,135.95,1,135.95,113.0,2,1,1,211,Hibernating
12970.0,8,4,452.24,4,452.24,8.0,5,4,2,542,Others
12971.0,4,86,11189.91,30,11189.91,4.0,5,5,5,555,Champions
12974.0,198,1,144.8,1,144.8,198.0,1,1,1,111,Hibernating
12976.0,212,1,738.6,1,738.6,212.0,1,1,3,113,Others
12977.0,157,1,39.24,1,39.24,157.0,2,1,1,211,Hibernating
12980.0,158,9,7374.9,9,7374.9,158.0,2,5,5,255,At Risk (High Frequency)
12981.0,30,2,372.22,2,372.22,30.0,4,2,2,422,Others
12982.0,243,1,390.54,1,390.54,243.0,1,1,2,112,Hibernating
12984.0,19,1,97.5,1,97.5,19.0,4,1,1,411,Others
12985.0,1,2,1239.38,2,1239.38,1.0,5,2,4,524,New Customers
12987.0,74,2,558.7,2,558.7,74.0,2,2,3,223,Others
12988.0,293,1,535.32,1,535.32,293.0,1,1,3,113,Others
12989.0,4,15,6924.11,15,6924.11,4.0,5,5,5,555,Champions
12990.0,32,3,409.5,3,409.5,32.0,4,3,2,432,Others
12991.0,24,2,503.76,2,503.76,24.0,4,2,3,423,Others
12993.0,24,4,414.76,4,414.76,24.0,4,4,2,442,Others
12994.0,5,3,974.42,3,974.42,5.0,5,3,4,534,Loyal Customers
12995.0,86,1,211.32,1,211.32,86.0,2,1,1,211,Hibernating
12997.0,23,4,1226.89,4,1226.89,23.0,4,4,4,444,Champions
12999.0,197,3,455.88,3,455.88,197.0,1,3,2,132,Others
13000.0,107,3,534.85,3,534.85,107.0,2,3,3,233,Others
13001.0,5,13,9818.82,13,9818.82,5.0,5,5,5,555,Champions
13002.0,319,1,120.95,1,120.95,319.0,1,1,1,111,Hibernating
13003.0,106,3,149.05,3,149.05,106.0,2,3,1,231,Others
13004.0,12,18,5655.91,18,5655.91,12.0,5,5,5,555,Champions
13005.0,174,2,513.7,2,513.7,174.0,2,2,3,223,Others
13006.0,57,1,81.57,1,81.57,57.0,3,1,1,311,Potential Loyalists
13008.0,324,1,229.47,1,229.47,324.0,1,1,1,111,Hibernating
13011.0,373,1,50.55,1,50.55,369.6300000000001,1,1,1,111,Hibernating
13012.0,10,8,1661.84,8,1661.84,10.0,5,5,4,554,Champions
13013.0,2,13,4810.94,13,4810.94,2.0,5,5,5,555,Champions
13014.0,11,10,3466.28,10,3466.28,11.0,5,5,5,555,Champions
13015.0,54,5,3346.28,5,3346.28,54.0,3,4,5,345,Others
13016.0,74,3,789.89,3,789.89,74.0,2,3,3,233,Others
13017.0,8,1,204.0,1,204.0,8.0,5,1,1,511,New Customers
13018.0,17,28,7277.7,28,7277.7,17.0,4,5,5,455,Champions
13021.0,5,9,2616.38,9,2616.38,5.0,5,5,5,555,Champions
13023.0,65,2,689.9,2,689.9,65.0,3,2,3,323,Potential Loyalists
13026.0,2,5,975.36,5,975.36,2.0,5,4,4,544,Champions
13027.0,114,6,6912.0,6,6912.0,114.0,2,5,5,255,At Risk (High Frequency)
13028.0,23,2,661.32,2,661.32,23.0,4,2,3,423,Others
13029.0,31,3,1247.5,3,1247.5,31.0,4,3,4,434,Loyal Customers
13030.0,12,2,799.48,2,799.48,12.0,5,2,3,523,New Customers
13032.0,53,2,1010.18,2,1010.18,53.0,3,2,4,324,Potential Loyalists
13033.0,358,1,190.55,1,190.55,358.0,1,1,1,111,Hibernating
13034.0,55,2,642.77,2,642.77,55.0,3,2,3,323,Potential Loyalists
13035.0,74,2,921.88,2,921.88,74.0,2,2,3,223,Others
13037.0,139,3,881.07,3,881.07,139.0,2,3,3,233,Others
13038.0,81,3,908.46,3,908.46,81.0,2,3,3,233,Others
13040.0,9,2,676.99,2,676.99,9.0,5,2,3,523,New Customers
13043.0,274,1,516.42,1,516.42,274.0,1,1,3,113,Others
13044.0,292,1,560.47,1,560.47,292.0,1,1,3,113,Others
13045.0,100,1,305.28,1,305.28,100.0,2,1,2,212,Hibernating
13046.0,31,2,629.31,2,629.31,31.0,4,2,3,423,Others
13047.0,32,10,3237.54,10,3237.54,32.0,4,5,5,455,Champions
13048.0,15,4,1835.91,4,1835.91,15.0,4,4,4,444,Champions
13049.0,65,2,656.68,2,656.68,65.0,3,2,3,323,Potential Loyalists
13050.0,15,17,5836.86,17,5836.86,15.0,4,5,5,455,Champions
13052.0,213,1,348.15,1,348.15,213.0,1,1,2,112,Hibernating
13055.0,79,3,1214.41,3,1214.41,79.0,2,3,4,234,At Risk (High Value)
13058.0,25,3,271.4,3,271.4,25.0,4,3,2,432,Others
13059.0,250,1,183.4,1,183.4,250.0,1,1,1,111,Hibernating
13060.0,254,1,307.53,1,307.53,254.0,1,1,2,112,Hibernating
13061.0,73,1,248.61,1,248.61,73.0,2,1,1,211,Hibernating
13062.0,192,1,346.98,1,346.98,192.0,1,1,2,112,Hibernating
13064.0,13,4,1119.49,4,1119.49,13.0,5,4,4,544,Champions
13065.0,374,1,205.86,1,205.86,369.6300000000001,1,1,1,111,Hibernating
13066.0,25,2,470.8,2,470.8,25.0,4,2,2,422,Others
13067.0,83,1,115.46,1,115.46,83.0,2,1,1,211,Hibernating
13068.0,11,2,344.0,2,344.0,11.0,5,2,2,522,New Customers
13069.0,1,24,4436.12,24,4436.12,1.0,5,5,5,555,Champions
13070.0,193,1,228.8,1,228.8,193.0,1,1,1,111,Hibernating
13072.0,267,1,177.15,1,177.15,267.0,1,1,1,111,Hibernating
13075.0,130,1,919.61,1,919.61,130.0,2,1,3,213,Others
13077.0,2,4,729.27,4,729.27,2.0,5,4,3,543,Loyal Customers
13078.0,4,26,12627.94,26,12627.94,4.0,5,5,5,555,Champions
13079.0,5,5,220.1,5,220.1,5.0,5,4,1,541,Others
13080.0,180,1,58.08,1,58.08,180.0,2,1,1,211,Hibernating
13081.0,12,11,28337.38,11,19880.99570000001,12.0,5,5,5,555,Champions
13082.0,127,9,3613.63,9,3613.63,127.0,2,5,5,255,At Risk (High Frequency)
13083.0,5,2,303.75,2,303.75,5.0,5,2,2,522,New Customers
13085.0,158,2,416.08,2,416.08,158.0,2,2,2,222,Hibernating
13089.0,3,97,58825.83,30,19880.99570000001,3.0,5,5,5,555,Champions
13090.0,9,14,8910.82,14,8910.82,9.0,5,5,5,555,Champions
13091.0,29,1,345.82,1,345.82,29.0,4,1,2,412,Others
13092.0,71,5,477.83,5,477.83,71.0,3,4,2,342,Others
13093.0,276,8,7832.47,8,7832.47,276.0,1,5,5,155,At Risk (High Frequency)
13094.0,22,12,1927.32,12,1927.32,22.0,4,5,4,454,Champions
13095.0,71,1,74.4,1,74.4,71.0,3,1,1,311,Potential Loyalists
13097.0,33,10,6010.42,10,6010.42,33.0,4,5,5,455,Champions
13098.0,2,28,28882.44,28,19880.99570000001,2.0,5,5,5,555,Champions
13099.0,100,1,207.36,1,207.36,100.0,2,1,1,211,Hibernating
13101.0,235,1,101.19,1,101.19,235.0,1,1,1,111,Hibernating
13102.0,2,24,6424.09,24,6424.09,2.0,5,5,5,555,Champions
13103.0,40,1,243.94,1,243.94,40.0,3,1,1,311,Potential Loyalists
13104.0,4,6,1098.48,6,1098.48,4.0,5,5,4,554,Champions
13106.0,134,1,76.5,1,76.5,134.0,2,1,1,211,Hibernating
13107.0,45,4,1531.62,4,1531.62,45.0,3,4,4,344,Others
13108.0,373,1,350.06,1,350.06,369.6300000000001,1,1,2,112,Hibernating
13109.0,60,2,786.54,2,786.54,60.0,3,2,3,323,Potential Loyalists
13110.0,32,7,1488.67,7,1488.67,32.0,4,5,4,454,Champions
13113.0,1,24,12245.96,24,12245.96,1.0,5,5,5,555,Champions
13115.0,12,4,2294.78,4,2294.78,12.0,5,4,5,545,Champions
13116.0,139,1,501.14,1,501.14,139.0,2,1,3,213,Others
13117.0,22,8,984.91,8,984.91,22.0,4,5,4,454,Champions
13118.0,20,5,1197.81,5,1197.81,20.0,4,4,4,444,Champions
13120.0,239,1,30.6,1,30.6,239.0,1,1,1,111,Hibernating
13121.0,270,1,283.73,1,283.73,270.0,1,1,2,112,Hibernating
13122.0,95,2,922.39,2,922.39,95.0,2,2,3,223,Others
13124.0,90,3,3866.33,3,3866.33,90.0,2,3,5,235,At Risk (High Value)
13126.0,5,8,2099.64,8,2099.64,5.0,5,5,5,555,Champions
13127.0,78,1,259.17,1,259.17,78.0,2,1,2,212,Hibernating
13130.0,95,1,64.0,1,64.0,95.0,2,1,1,211,Hibernating
13131.0,24,3,1073.3,3,1073.3,24.0,4,3,4,434,Loyal Customers
13132.0,262,1,77.3,1,77.3,262.0,1,1,1,111,Hibernating
13133.0,274,2,109.8,2,109.8,274.0,1,2,1,121,Hibernating
13134.0,86,4,1793.58,4,1793.58,86.0,2,4,4,244,At Risk (High Frequency)
13135.0,197,1,3096.0,1,3096.0,197.0,1,1,5,115,At Risk (High Value)
13136.0,57,5,2607.61,5,2607.61,57.0,3,4,5,345,Others
13137.0,11,8,3650.41,8,3650.41,11.0,5,5,5,555,Champions
13138.0,23,6,962.39,6,962.39,23.0,4,5,4,454,Champions
13139.0,17,7,5064.94,7,5064.94,17.0,4,5,5,455,Champions
13140.0,109,3,423.72,3,423.72,109.0,2,3,2,232,Others
13141.0,85,5,2388.75,5,2388.75,85.0,2,4,5,245,At Risk (High Frequency)
13142.0,20,1,307.09,1,307.09,20.0,4,1,2,412,Others
13144.0,333,1,110.95,1,110.95,333.0,1,1,1,111,Hibernating
13145.0,40,4,618.52,4,618.52,40.0,3,4,3,343,Others
13146.0,27,1,228.91,1,228.91,27.0,4,1,1,411,Others
13147.0,11,4,712.8,4,712.8,11.0,5,4,3,543,Loyal Customers
13148.0,30,12,3707.12,12,3707.12,30.0,4,5,5,455,Champions
13149.0,15,4,1676.06,4,1676.06,15.0,4,4,4,444,Champions
13151.0,296,1,1257.87,1,1257.87,296.0,1,1,4,114,At Risk (High Value)
13153.0,6,1,486.22,1,486.22,6.0,5,1,2,512,New Customers
13155.0,34,4,971.76,4,971.76,34.0,3,4,4,344,Others
13157.0,50,4,1741.22,4,1741.22,50.0,3,4,4,344,Others
13158.0,95,4,1201.06,4,1201.06,95.0,2,4,4,244,At Risk (High Frequency)
13159.0,9,4,1437.85,4,1437.85,9.0,5,4,4,544,Champions
13160.0,23,1,91.8,1,91.8,23.0,4,1,1,411,Others
13161.0,314,1,112.75,1,112.75,314.0,1,1,1,111,Hibernating
13162.0,123,4,1688.29,4,1688.29,123.0,2,4,4,244,At Risk (High Frequency)
13165.0,47,2,1021.48,2,1021.48,47.0,3,2,4,324,Potential Loyalists
13166.0,284,1,417.2,1,417.2,284.0,1,1,2,112,Hibernating
13167.0,19,4,791.33,4,791.33,19.0,4,4,3,443,Loyal Customers
13168.0,37,4,1319.19,4,1319.19,37.0,3,4,4,344,Others
13169.0,64,2,712.88,2,712.88,64.0,3,2,3,323,Potential Loyalists
13170.0,27,1,116.01,1,116.01,27.0,4,1,1,411,Others
13171.0,22,3,468.41,3,468.41,22.0,4,3,2,432,Others
13173.0,5,2,353.65,2,353.65,5.0,5,2,2,522,New Customers
13174.0,17,3,2817.03,3,2817.03,17.0,4,3,5,435,Loyal Customers
13176.0,47,1,492.84,1,492.84,47.0,3,1,3,313,Potential Loyalists
13177.0,65,1,282.45,1,282.45,65.0,3,1,2,312,Potential Loyalists
13178.0,27,11,5725.47,11,5725.47,27.0,4,5,5,455,Champions
13182.0,46,1,121.18,1,121.18,46.0,3,1,1,311,Potential Loyalists
13183.0,8,9,3957.78,9,3957.78,8.0,5,5,5,555,Champions
13184.0,15,10,1701.29,10,1701.29,15.0,4,5,4,454,Champions
13185.0,268,1,71.4,1,71.4,268.0,1,1,1,111,Hibernating
13186.0,40,3,1575.89,3,1575.89,40.0,3,3,4,334,Others
13187.0,338,1,236.02,1,236.02,338.0,1,1,1,111,Hibernating
13188.0,12,1,114.6,1,114.6,12.0,5,1,1,511,New Customers
13189.0,19,2,260.68,2,260.68,19.0,4,2,2,422,Others
13192.0,96,2,911.94,2,911.94,96.0,2,2,3,223,Others
13193.0,62,1,117.88,1,117.88,62.0,3,1,1,311,Potential Loyalists
13194.0,136,1,60.7,1,60.7,136.0,2,1,1,211,Hibernating
13196.0,12,4,1797.78,4,1797.78,12.0,5,4,4,544,Champions
13198.0,11,6,3401.24,6,3401.24,11.0,5,5,5,555,Champions
13199.0,4,38,9817.12,30,9817.12,4.0,5,5,5,555,Champions
13200.0,20,4,870.09,4,870.09,20.0,4,4,3,443,Loyal Customers
13203.0,10,4,869.46,4,869.46,10.0,5,4,3,543,Loyal Customers
13207.0,16,2,250.26,2,250.26,16.0,4,2,2,422,Others
13208.0,59,6,1223.9,6,1223.9,59.0,3,5,4,354,Others
13209.0,31,8,5891.61,8,5891.61,31.0,4,5,5,455,Champions
13210.0,94,1,353.48,1,353.48,94.0,2,1,2,212,Hibernating
13211.0,11,3,1197.42,3,1197.42,11.0,5,3,4,534,Loyal Customers
13212.0,20,3,788.08,3,788.08,20.0,4,3,3,433,Loyal Customers
13213.0,57,5,1520.58,5,1520.58,57.0,3,4,4,344,Others
13216.0,268,1,333.74,1,333.74,268.0,1,1,2,112,Hibernating
13217.0,123,3,533.98,3,533.98,123.0,2,3,3,233,Others
13218.0,128,1,62.64,1,62.64,128.0,2,1,1,211,Hibernating
13220.0,79,4,819.29,4,819.29,79.0,2,4,3,243,At Risk (High Frequency)
13221.0,241,2,847.41,2,847.41,241.0,1,2,3,123,Others
13223.0,201,2,163.2,2,163.2,201.0,1,2,1,121,Hibernating
13224.0,61,2,2155.95,2,2155.95,61.0,3,2,5,325,Potential Loyalists
13225.0,4,7,6463.84,7,6463.84,4.0,5,5,5,555,Champions
13226.0,274,1,108.21,1,108.21,274.0,1,1,1,111,Hibernating
13227.0,202,1,257.7,1,257.7,202.0,1,1,2,112,Hibernating
13228.0,82,1,358.0,1,358.0,82.0,2,1,2,212,Hibernating
13229.0,226,1,160.95,1,160.95,226.0,1,1,1,111,Hibernating
13230.0,5,14,2806.97,14,2806.97,5.0,5,5,5,555,Champions
13232.0,13,7,1357.6,7,1357.6,13.0,5,5,4,554,Champions
13233.0,75,2,605.12,2,605.12,75.0,2,2,3,223,Others
13235.0,213,1,1031.07,1,1031.07,213.0,1,1,4,114,At Risk (High Value)
13236.0,25,2,744.85,2,744.85,25.0,4,2,3,423,Others
13238.0,18,4,700.73,4,700.73,18.0,4,4,3,443,Loyal Customers
13239.0,262,1,329.56,1,329.56,262.0,1,1,2,112,Hibernating
13240.0,97,4,663.65,4,663.65,97.0,2,4,3,243,At Risk (High Frequency)
13242.0,113,3,270.4,3,270.4,113.0,2,3,2,232,Others
13243.0,204,1,600.07,1,600.07,204.0,1,1,3,113,Others
13244.0,93,1,121.74,1,121.74,93.0,2,1,1,211,Hibernating
13245.0,51,1,430.5,1,430.5,51.0,3,1,2,312,Potential Loyalists
13246.0,19,6,1987.3,6,1987.3,19.0,4,5,4,454,Champions
13247.0,18,4,501.12,4,501.12,18.0,4,4,3,443,Loyal Customers
13248.0,125,2,465.68,2,465.68,125.0,2,2,2,222,Hibernating
13249.0,93,3,711.41,3,711.41,93.0,2,3,3,233,Others
13253.0,157,2,1030.4,2,1030.4,157.0,2,2,4,224,At Risk (High Value)
13255.0,10,2,399.51,2,399.51,10.0,5,2,2,522,New Customers
13258.0,12,3,698.58,3,698.58,12.0,5,3,3,533,Loyal Customers
13259.0,62,1,292.32,1,292.32,62.0,3,1,2,312,Potential Loyalists
13260.0,62,1,557.62,1,557.62,62.0,3,1,3,313,Potential Loyalists
13261.0,269,2,944.1,2,944.1,269.0,1,2,4,124,At Risk (High Value)
13262.0,264,1,200.29,1,200.29,264.0,1,1,1,111,Hibernating
13263.0,2,35,7454.07,30,7454.07,2.0,5,5,5,555,Champions
13265.0,54,5,2107.66,5,2107.66,54.0,3,4,5,345,Others
13266.0,12,12,3834.26,12,3834.26,12.0,5,5,5,555,Champions
13267.0,3,19,4521.49,19,4521.49,3.0,5,5,5,555,Champions
13268.0,18,11,3214.69,11,3214.69,18.0,4,5,5,455,Champions
13269.0,2,15,5346.23,15,5346.23,2.0,5,5,5,555,Champions
13270.0,367,1,590.0,1,590.0,367.0,1,1,3,113,Others
13271.0,38,1,217.38,1,217.38,38.0,3,1,1,311,Potential Loyalists
13272.0,32,2,276.56,2,276.56,32.0,4,2,2,422,Others
13273.0,114,1,138.98,1,138.98,114.0,2,1,1,211,Hibernating
13276.0,64,2,590.93,2,590.93,64.0,3,2,3,323,Potential Loyalists
13277.0,16,4,258.4,4,258.4,16.0,4,4,2,442,Others
13278.0,41,1,542.73,1,542.73,41.0,3,1,3,313,Potential Loyalists
13279.0,79,1,137.75,1,137.75,79.0,2,1,1,211,Hibernating
13280.0,123,3,814.86,3,814.86,123.0,2,3,3,233,Others
13282.0,19,3,1132.14,3,1132.14,19.0,4,3,4,434,Loyal Customers
13283.0,60,2,93.66,2,93.66,60.0,3,2,1,321,Potential Loyalists
13284.0,331,1,201.19,1,201.19,331.0,1,1,1,111,Hibernating
13285.0,24,4,2709.12,4,2709.12,24.0,4,4,5,445,Champions
13291.0,156,1,361.11,1,361.11,156.0,2,1,2,212,Hibernating
13292.0,39,2,578.94,2,578.94,39.0,3,2,3,323,Potential Loyalists
13294.0,190,2,873.74,2,873.74,190.0,1,2,3,123,Others
13295.0,360,1,201.2,1,201.2,360.0,1,1,1,111,Hibernating
13296.0,138,1,87.4,1,87.4,138.0,2,1,1,211,Hibernating
13297.0,8,4,2089.85,4,2089.85,8.0,5,4,5,545,Champions
13298.0,2,1,360.0,1,360.0,2.0,5,1,2,512,New Customers
13299.0,269,1,142.5,1,142.5,269.0,1,1,1,111,Hibernating
13300.0,170,1,371.89,1,371.89,170.0,2,1,2,212,Hibernating
13301.0,104,4,618.09,4,618.09,104.0,2,4,3,243,At Risk (High Frequency)
13302.0,156,1,63.75,1,63.75,156.0,2,1,1,211,Hibernating
13304.0,352,1,300.42,1,300.42,352.0,1,1,2,112,Hibernating
13305.0,5,10,2000.86,10,2000.86,5.0,5,5,4,554,Champions
13307.0,121,1,15.0,1,15.0,121.0,2,1,1,211,Hibernating
13308.0,23,3,1385.51,3,1385.51,23.0,4,3,4,434,Loyal Customers
13309.0,8,5,1456.79,5,1456.79,8.0,5,4,4,544,Champions
13310.0,29,3,1132.03,3,1132.03,29.0,4,3,4,434,Loyal Customers
13311.0,5,2,598.57,2,598.57,5.0,5,2,3,523,New Customers
13313.0,23,5,1555.32,5,1555.32,23.0,4,4,4,444,Champions
13314.0,2,3,775.94,3,775.94,2.0,5,3,3,533,Loyal Customers
13316.0,38,4,5977.73,4,5977.73,38.0,3,4,5,345,Others
13317.0,67,6,2273.68,6,2273.68,67.0,3,5,5,355,Others
13318.0,2,3,640.76,3,640.76,2.0,5,3,3,533,Loyal Customers
13319.0,6,26,10845.55,26,10845.55,6.0,5,5,5,555,Champions
13320.0,79,4,1548.7,4,1548.7,79.0,2,4,4,244,At Risk (High Frequency)
13321.0,73,2,567.36,2,567.36,73.0,2,2,3,223,Others
13322.0,18,1,199.48,1,199.48,18.0,4,1,1,411,Others
13323.0,4,5,787.85,5,787.85,4.0,5,4,3,543,Loyal Customers
13324.0,37,10,7121.95,10,7121.95,37.0,3,5,5,355,Others
13325.0,82,1,675.3,1,675.3,82.0,2,1,3,213,Others
13327.0,39,8,3627.77,8,3627.77,39.0,3,5,5,355,Others
13328.0,317,1,1308.48,1,1308.48,317.0,1,1,4,114,At Risk (High Value)
13329.0,32,2,789.0,2,789.0,32.0,4,2,3,423,Others
13330.0,93,3,1140.93,3,1140.93,93.0,2,3,4,234,At Risk (High Value)
13332.0,15,1,350.9,1,350.9,15.0,4,1,2,412,Others
13334.0,83,3,3536.82,3,3536.82,83.0,2,3,5,235,At Risk (High Value)
13336.0,78,1,795.12,1,795.12,78.0,2,1,3,213,Others
13338.0,158,1,487.02,1,487.02,158.0,2,1,2,212,Hibernating
13339.0,201,1,860.12,1,860.12,201.0,1,1,3,113,Others
13340.0,46,7,10736.48,7,10736.48,46.0,3,5,5,355,Others
13341.0,261,1,775.85,1,775.85,261.0,1,1,3,113,Others
13343.0,178,1,353.43,1,353.43,178.0,2,1,2,212,Hibernating
13344.0,68,3,2543.72,3,2543.72,68.0,3,3,5,335,Others
13345.0,288,1,389.5,1,389.5,288.0,1,1,2,112,Hibernating
13347.0,71,1,341.36,1,341.36,71.0,3,1,2,312,Potential Loyalists
13348.0,65,1,233.76,1,233.76,65.0,3,1,1,311,Potential Loyalists
13349.0,11,1,247.32,1,247.32,11.0,5,1,1,511,New Customers
13350.0,17,2,979.12,2,979.12,17.0,4,2,4,424,Others
13351.0,67,1,373.94,1,373.94,67.0,3,1,2,312,Potential Loyalists
13352.0,61,1,397.98,1,397.98,61.0,3,1,2,312,Potential Loyalists
13354.0,72,1,743.53,1,743.53,72.0,3,1,3,313,Potential Loyalists
13355.0,123,1,674.7,1,674.7,123.0,2,1,3,213,Others
13356.0,81,1,768.24,1,768.24,81.0,2,1,3,213,Others
13357.0,258,1,609.95,1,609.95,258.0,1,1,3,113,Others
13358.0,269,1,439.03,1,439.03,269.0,1,1,2,112,Hibernating
13359.0,64,1,439.56,1,439.56,64.0,3,1,2,312,Potential Loyalists
13362.0,10,4,3090.74,4,3090.74,10.0,5,4,5,545,Champions
13363.0,18,2,992.5,2,992.5,18.0,4,2,4,424,Others
13364.0,72,1,134.96,1,134.96,72.0,3,1,1,311,Potential Loyalists
13365.0,34,2,2225.37,2,2225.37,34.0,3,2,5,325,Potential Loyalists
13366.0,51,1,56.16,1,56.16,51.0,3,1,1,311,Potential Loyalists
13368.0,257,2,623.4,2,623.4,257.0,1,2,3,123,Others
13369.0,366,1,308.28,1,308.28,366.0,1,1,2,112,Hibernating
13370.0,372,1,754.87,1,754.87,369.6300000000001,1,1,3,113,Others
13372.0,90,1,378.64,1,378.64,90.0,2,1,2,212,Hibernating
13373.0,61,3,3312.25,3,3312.25,61.0,3,3,5,335,Others
13375.0,89,1,778.65,1,778.65,89.0,2,1,3,213,Others
13376.0,100,3,1019.76,3,1019.76,100.0,2,3,4,234,At Risk (High Value)
13379.0,27,3,572.56,3,572.56,27.0,4,3,3,433,Loyal Customers
13381.0,32,6,3639.31,6,3639.31,32.0,4,5,5,455,Champions
13382.0,281,1,222.99,1,222.99,281.0,1,1,1,111,Hibernating
13384.0,31,7,4151.93,7,4151.93,31.0,4,5,5,455,Champions
13385.0,330,1,534.57,1,534.57,330.0,1,1,3,113,Others
13388.0,132,2,677.1,2,677.1,132.0,2,2,3,223,Others
13389.0,12,3,797.96,3,797.96,12.0,5,3,3,533,Loyal Customers
13390.0,75,1,544.08,1,544.08,75.0,2,1,3,213,Others
13391.0,204,1,59.8,1,59.8,204.0,1,1,1,111,Hibernating
13394.0,2,8,2520.02,8,2520.02,2.0,5,5,5,555,Champions
13395.0,186,1,307.72,1,307.72,186.0,1,1,2,112,Hibernating
13396.0,30,2,1360.99,2,1360.99,30.0,4,2,4,424,Others
13397.0,73,5,1544.13,5,1544.13,73.0,2,4,4,244,At Risk (High Frequency)
13398.0,193,1,457.34,1,457.34,193.0,1,1,2,112,Hibernating
13402.0,128,2,621.23,2,621.23,128.0,2,2,3,223,Others
13403.0,18,1,75.0,1,75.0,18.0,4,1,1,411,Others
13404.0,2,2,252.49,2,252.49,2.0,5,2,2,522,New Customers
13405.0,75,3,572.45,3,572.45,75.0,2,3,3,233,Others
13408.0,2,62,28117.04,30,19880.99570000001,2.0,5,5,5,555,Champions
13410.0,25,5,1003.06,5,1003.06,25.0,4,4,4,444,Champions
13411.0,108,1,213.55,1,213.55,108.0,2,1,1,211,Hibernating
13414.0,134,3,1390.5,3,1390.5,134.0,2,3,4,234,At Risk (High Value)
13416.0,44,2,712.5,2,712.5,44.0,3,2,3,323,Potential Loyalists
13417.0,5,2,640.83,2,640.83,5.0,5,2,3,523,New Customers
13418.0,12,18,6127.43,18,6127.43,12.0,5,5,5,555,Champions
13419.0,64,1,221.06,1,221.06,64.0,3,1,1,311,Potential Loyalists
13420.0,150,2,159.85,2,159.85,150.0,2,2,1,221,Hibernating
13421.0,41,2,1851.08,2,1851.08,41.0,3,2,4,324,Potential Loyalists
13422.0,65,1,2626.3,1,2626.3,65.0,3,1,5,315,Potential Loyalists
13425.0,109,3,1624.21,3,1624.21,109.0,2,3,4,234,At Risk (High Value)
13426.0,1,10,3641.32,10,3641.32,1.0,5,5,5,555,Champions
13427.0,20,3,582.6,3,582.6,20.0,4,3,3,433,Loyal Customers
13428.0,11,1,218.47,1,218.47,11.0,5,1,1,511,New Customers
13429.0,11,4,1006.8,4,1006.8,11.0,5,4,4,544,Champions
13430.0,19,2,679.45,2,679.45,19.0,4,2,3,423,Others
13431.0,68,2,1269.1,2,1269.1,68.0,3,2,4,324,Potential Loyalists
13434.0,75,2,534.24,2,534.24,75.0,2,2,3,223,Others
13435.0,6,7,3809.89,7,3809.89,6.0,5,5,5,555,Champions
13436.0,2,1,196.89,1,196.89,2.0,5,1,1,511,New Customers
13437.0,15,7,3408.06,7,3408.06,15.0,4,5,5,455,Champions
13439.0,256,1,283.71,1,283.71,256.0,1,1,2,112,Hibernating
13441.0,92,1,296.64,1,296.64,92.0,2,1,2,212,Hibernating
13447.0,24,3,1129.14,3,1129.14,24.0,4,3,4,434,Loyal Customers
13448.0,17,6,3539.37,6,3539.37,17.0,4,5,5,455,Champions
13449.0,24,1,291.88,1,291.88,24.0,4,1,2,412,Others
13450.0,27,6,2043.72,6,2043.72,27.0,4,5,4,454,Champions
13451.0,27,5,2976.15,5,2976.15,27.0,4,4,5,445,Champions
13452.0,260,2,590.0,2,590.0,260.0,1,2,3,123,Others
13453.0,166,2,356.98,2,356.98,166.0,2,2,2,222,Hibernating
13455.0,25,2,1058.34,2,1058.34,25.0,4,2,4,424,Others
13456.0,18,6,1766.72,6,1766.72,18.0,4,5,4,454,Champions
13458.0,8,14,9646.57,14,9646.57,8.0,5,5,5,555,Champions
13460.0,30,2,183.44,2,183.44,30.0,4,2,1,421,Others
13461.0,39,3,1445.0,3,1445.0,39.0,3,3,4,334,Others
13462.0,253,1,151.5,1,151.5,253.0,1,1,1,111,Hibernating
13464.0,59,1,674.68,1,674.68,59.0,3,1,3,313,Potential Loyalists
13466.0,185,1,307.9,1,307.9,185.0,1,1,2,112,Hibernating
13467.0,11,2,1083.71,2,1083.71,11.0,5,2,4,524,New Customers
13468.0,2,37,5704.97,30,5704.97,2.0,5,5,5,555,Champions
13470.0,100,2,165.0,2,165.0,100.0,2,2,1,221,Hibernating
13471.0,2,4,2531.58,4,2531.58,2.0,5,4,5,545,Champions
13473.0,61,2,422.64,2,422.64,61.0,3,2,2,322,Potential Loyalists
13474.0,237,1,229.59,1,229.59,237.0,1,1,1,111,Hibernating
13475.0,192,4,1431.78,4,1431.78,192.0,1,4,4,144,At Risk (High Frequency)
13476.0,179,2,1238.47,2,1238.47,179.0,2,2,4,224,At Risk (High Value)
13477.0,38,6,1454.58,6,1454.58,38.0,3,5,4,354,Others
13479.0,201,2,300.95,2,300.95,201.0,1,2,2,122,Hibernating
13481.0,46,5,1804.56,5,1804.56,46.0,3,4,4,344,Others
13482.0,233,1,184.64,1,184.64,233.0,1,1,1,111,Hibernating
13483.0,66,1,140.34,1,140.34,66.0,3,1,1,311,Potential Loyalists
13484.0,242,1,313.8,1,313.8,242.0,1,1,2,112,Hibernating
13485.0,234,1,454.24,1,454.24,234.0,1,1,2,112,Hibernating
13486.0,79,3,1122.41,3,1122.41,79.0,2,3,4,234,At Risk (High Value)
13487.0,58,3,575.4,3,575.4,58.0,3,3,3,333,Others
13488.0,18,13,8968.31,13,8968.31,18.0,4,5,5,455,Champions
13489.0,106,4,449.52,4,449.52,106.0,2,4,2,242,At Risk (High Frequency)
13491.0,52,10,1215.82,10,1215.82,52.0,3,5,4,354,Others
13492.0,137,3,1269.84,3,1269.84,137.0,2,3,4,234,At Risk (High Value)
13493.0,276,2,618.63,2,618.63,276.0,1,2,3,123,Others
13494.0,312,1,316.26,1,316.26,312.0,1,1,2,112,Hibernating
13495.0,8,5,2044.87,5,2044.87,8.0,5,4,4,544,Champions
13496.0,11,2,653.33,2,653.33,11.0,5,2,3,523,New Customers
13497.0,283,2,348.05,2,348.05,283.0,1,2,2,122,Hibernating
13499.0,18,5,1159.11,5,1159.11,18.0,4,4,4,444,Champions
13500.0,24,3,1166.77,3,1166.77,24.0,4,3,4,434,Loyal Customers
13501.0,289,1,1340.32,1,1340.32,289.0,1,1,4,114,At Risk (High Value)
13502.0,17,3,292.0,3,292.0,17.0,4,3,2,432,Others
13503.0,72,1,216.85,1,216.85,72.0,3,1,1,311,Potential Loyalists
13504.0,65,1,295.93,1,295.93,65.0,3,1,2,312,Potential Loyalists
13505.0,73,4,4393.63,4,4393.63,73.0,2,4,5,245,At Risk (High Frequency)
13506.0,317,2,458.52,2,458.52,317.0,1,2,2,122,Hibernating
13507.0,4,4,2479.16,4,2479.16,4.0,5,4,5,545,Champions
13508.0,244,1,110.97,1,110.97,244.0,1,1,1,111,Hibernating
13509.0,9,7,979.72,7,979.72,9.0,5,5,4,554,Champions
13510.0,2,4,1791.56,4,1791.56,2.0,5,4,4,544,Champions
13512.0,261,1,251.21,1,251.21,261.0,1,1,2,112,Hibernating
13513.0,127,1,205.1,1,205.1,127.0,2,1,1,211,Hibernating
13514.0,74,1,152.2,1,152.2,74.0,2,1,1,211,Hibernating
13515.0,73,4,891.12,4,891.12,73.0,2,4,3,243,At Risk (High Frequency)
13516.0,22,3,1389.41,3,1389.41,22.0,4,3,4,434,Loyal Customers
13517.0,60,3,2128.42,3,2128.42,60.0,3,3,5,335,Others
13518.0,86,1,659.44,1,659.44,86.0,2,1,3,213,Others
13519.0,79,1,122.75,1,122.75,79.0,2,1,1,211,Hibernating
13520.0,59,6,3624.35,6,3624.35,59.0,3,5,5,355,Others
13521.0,2,3,1093.65,3,1093.65,2.0,5,3,4,534,Loyal Customers
13522.0,31,1,125.8,1,125.8,31.0,4,1,1,411,Others
13523.0,34,5,3964.88,5,3964.88,34.0,3,4,5,345,Others
13524.0,41,5,680.18,5,680.18,41.0,3,4,3,343,Others
13525.0,15,2,628.78,2,628.78,15.0,4,2,3,423,Others
13527.0,34,7,2287.51,7,2287.51,34.0,3,5,5,355,Others
13529.0,79,2,307.76,2,307.76,79.0,2,2,2,222,Hibernating
13531.0,206,2,483.8,2,483.8,206.0,1,2,2,122,Hibernating
13532.0,34,1,210.31,1,210.31,34.0,3,1,1,311,Potential Loyalists
13533.0,183,3,270.79,3,270.79,183.0,1,3,2,132,Others
13534.0,3,25,5870.08,25,5870.08,3.0,5,5,5,555,Champions
13536.0,2,7,3448.29,7,3448.29,2.0,5,5,5,555,Champions
13538.0,44,7,1280.85,7,1280.85,44.0,3,5,4,354,Others
13539.0,86,3,631.34,3,631.34,86.0,2,3,3,233,Others
13544.0,40,2,291.41,2,291.41,40.0,3,2,2,322,Potential Loyalists
13546.0,13,3,626.99,3,626.99,13.0,5,3,3,533,Loyal Customers
13548.0,97,2,682.41,2,682.41,97.0,2,2,3,223,Others
13549.0,26,7,918.2,7,918.2,26.0,4,5,3,453,Loyal Customers
13551.0,320,1,91.8,1,91.8,320.0,1,1,1,111,Hibernating
13552.0,67,12,3740.07,12,3740.07,67.0,3,5,5,355,Others
13555.0,74,4,4149.28,4,4149.28,74.0,2,4,5,245,At Risk (High Frequency)
13557.0,29,2,584.06,2,584.06,29.0,4,2,3,423,Others
13558.0,6,4,605.06,4,605.06,6.0,5,4,3,543,Loyal Customers
13560.0,8,1,174.37,1,174.37,8.0,5,1,1,511,New Customers
13561.0,216,1,141.86,1,141.86,216.0,1,1,1,111,Hibernating
13562.0,82,3,1799.33,3,1799.33,82.0,2,3,4,234,At Risk (High Value)
13563.0,85,2,777.53,2,777.53,85.0,2,2,3,223,Others
13564.0,145,3,1749.02,3,1749.02,145.0,2,3,4,234,At Risk (High Value)
13565.0,20,2,240.22,2,240.22,20.0,4,2,1,421,Others
13566.0,41,2,874.71,2,874.71,41.0,3,2,3,323,Potential Loyalists
13568.0,174,1,192.85,1,192.85,174.0,2,1,1,211,Hibernating
13569.0,18,2,373.75,2,373.75,18.0,4,2,2,422,Others
13570.0,244,1,239.49,1,239.49,244.0,1,1,1,111,Hibernating
13571.0,13,12,2092.32,12,2092.32,13.0,5,5,5,555,Champions
13572.0,206,1,1384.25,1,1384.25,206.0,1,1,4,114,At Risk (High Value)
13573.0,51,2,294.4,2,294.4,51.0,3,2,2,322,Potential Loyalists
13575.0,24,5,732.07,5,732.07,24.0,4,4,3,443,Loyal Customers
13576.0,11,18,6717.34,18,6717.34,11.0,5,5,5,555,Champions
13577.0,26,4,1687.6,4,1687.6,26.0,4,4,4,444,Champions
13579.0,15,2,467.04,2,467.04,15.0,4,2,2,422,Others
13581.0,310,1,118.0,1,118.0,310.0,1,1,1,111,Hibernating
13583.0,156,1,781.03,1,781.03,156.0,2,1,3,213,Others
13584.0,307,1,142.4,1,142.4,307.0,1,1,1,111,Hibernating
13587.0,64,1,712.4,1,712.4,64.0,3,1,3,313,Potential Loyalists
13588.0,16,9,2478.95,9,2478.95,16.0,4,5,5,455,Champions
13589.0,15,2,379.65,2,379.65,15.0,4,2,2,422,Others
13590.0,12,6,1981.92,6,1981.92,12.0,5,5,4,554,Champions
13591.0,65,3,1117.13,3,1117.13,65.0,3,3,4,334,Others
13592.0,36,4,247.96,4,247.96,36.0,3,4,1,341,Others
13593.0,109,5,2037.08,5,2037.08,109.0,2,4,4,244,At Risk (High Frequency)
13594.0,53,1,396.97,1,396.97,53.0,3,1,2,312,Potential Loyalists
13596.0,6,2,697.04,2,697.04,6.0,5,2,3,523,New Customers
13598.0,48,1,180.17,1,180.17,48.0,3,1,1,311,Potential Loyalists
13599.0,2,21,5153.67,21,5153.67,2.0,5,5,5,555,Champions
13600.0,313,1,219.52,1,219.52,313.0,1,1,1,111,Hibernating
13601.0,46,2,693.32,2,693.32,46.0,3,2,3,323,Potential Loyalists
13602.0,65,1,428.89,1,428.89,65.0,3,1,2,312,Potential Loyalists
13603.0,27,1,164.34,1,164.34,27.0,4,1,1,411,Others
13606.0,30,3,280.54,3,280.54,30.0,4,3,2,432,Others
13607.0,41,1,678.01,1,678.01,41.0,3,1,3,313,Potential Loyalists
13610.0,13,7,1131.88,7,1131.88,13.0,5,5,4,554,Champions
13611.0,90,3,1171.8,3,1171.8,90.0,2,3,4,234,At Risk (High Value)
13614.0,25,4,1610.46,4,1610.46,25.0,4,4,4,444,Champions
13615.0,319,1,417.69,1,417.69,319.0,1,1,2,112,Hibernating
13617.0,41,3,544.18,3,544.18,41.0,3,3,3,333,Others
13618.0,174,1,177.34,1,177.34,174.0,2,1,1,211,Hibernating
13621.0,117,1,213.85,1,213.85,117.0,2,1,1,211,Hibernating
13623.0,31,5,747.78,5,747.78,31.0,4,4,3,443,Loyal Customers
13626.0,253,1,257.23,1,257.23,253.0,1,1,2,112,Hibernating
13627.0,60,5,1638.47,5,1638.47,60.0,3,4,4,344,Others
13629.0,24,11,7792.36,11,7792.36,24.0,4,5,5,455,Champions
13630.0,6,7,2031.78,7,2031.78,6.0,5,5,4,554,Champions
13631.0,100,11,3070.42,11,3070.42,100.0,2,5,5,255,At Risk (High Frequency)
13632.0,25,5,2121.27,5,2121.27,25.0,4,4,5,445,Champions
13634.0,34,5,1575.16,5,1575.16,34.0,3,4,4,344,Others
13635.0,68,1,1071.03,1,1071.03,68.0,3,1,4,314,Potential Loyalists
13636.0,37,5,949.12,5,949.12,37.0,3,4,4,344,Others
13637.0,53,3,810.5,3,810.5,53.0,3,3,3,333,Others
13638.0,16,1,122.64,1,122.64,16.0,4,1,1,411,Others
13639.0,75,1,1033.34,1,1033.34,75.0,2,1,4,214,At Risk (High Value)
13642.0,216,1,354.8,1,354.8,216.0,1,1,2,112,Hibernating
13643.0,32,3,519.44,3,519.44,32.0,4,3,3,433,Loyal Customers
13644.0,17,4,2624.26,4,2624.26,17.0,4,4,5,445,Champions
13645.0,121,1,252.1,1,252.1,121.0,2,1,2,212,Hibernating
13647.0,10,4,1678.12,4,1678.12,10.0,5,4,4,544,Champions
13649.0,257,2,346.6,2,346.6,257.0,1,2,2,122,Hibernating
13650.0,17,6,1836.34,6,1836.34,17.0,4,5,4,454,Champions
13651.0,36,2,94.2,2,94.2,36.0,3,2,1,321,Potential Loyalists
13652.0,46,3,1095.08,3,1095.08,46.0,3,3,4,334,Others
13654.0,44,6,2707.33,6,2707.33,44.0,3,5,5,355,Others
13655.0,115,2,932.97,2,932.97,115.0,2,2,3,223,Others
13656.0,165,2,379.65,2,379.65,165.0,2,2,2,222,Hibernating
13657.0,11,2,382.14,2,382.14,11.0,5,2,2,522,New Customers
13658.0,10,5,2639.17,5,2639.17,10.0,5,4,5,545,Champions
13659.0,206,2,1573.2,2,1573.2,206.0,1,2,4,124,At Risk (High Value)
13662.0,86,3,897.76,3,897.76,86.0,2,3,3,233,Others
13663.0,180,1,189.47,1,189.47,180.0,2,1,1,211,Hibernating
13666.0,61,3,84.65,3,84.65,61.0,3,3,1,331,Others
13667.0,150,1,305.02,1,305.02,150.0,2,1,2,212,Hibernating
13668.0,3,21,6363.59,21,6363.59,3.0,5,5,5,555,Champions
13669.0,51,2,218.55,2,218.55,51.0,3,2,1,321,Potential Loyalists
13670.0,76,1,349.7,1,349.7,76.0,2,1,2,212,Hibernating
13672.0,302,2,186.39,2,186.39,302.0,1,2,1,121,Hibernating
13673.0,19,2,396.92,2,396.92,19.0,4,2,2,422,Others
13675.0,152,2,486.82,2,486.82,152.0,2,2,2,222,Hibernating
13678.0,152,1,232.6,1,232.6,152.0,2,1,1,211,Hibernating
13680.0,2,4,3722.42,4,3722.42,2.0,5,4,5,545,Champions
13681.0,18,4,827.83,4,827.83,18.0,4,4,3,443,Loyal Customers
13682.0,188,1,59.5,1,59.5,188.0,1,1,1,111,Hibernating
13684.0,286,1,67.23,1,67.23,286.0,1,1,1,111,Hibernating
13685.0,3,7,3119.44,7,3119.44,3.0,5,5,5,555,Champions
13686.0,183,1,72.0,1,72.0,183.0,1,1,1,111,Hibernating
13689.0,64,1,910.0,1,910.0,64.0,3,1,3,313,Potential Loyalists
13690.0,60,1,172.25,1,172.25,60.0,3,1,1,311,Potential Loyalists
13692.0,25,3,1488.32,3,1488.32,25.0,4,3,4,434,Loyal Customers
13694.0,4,50,65039.62,30,19880.99570000001,4.0,5,5,5,555,Champions
13695.0,32,15,2504.13,15,2504.13,32.0,4,5,5,455,Champions
13697.0,39,1,151.3,1,151.3,39.0,3,1,1,311,Potential Loyalists
13699.0,156,1,308.58,1,308.58,156.0,2,1,2,212,Hibernating
13700.0,27,10,2265.12,10,2265.12,27.0,4,5,5,455,Champions
13703.0,319,1,99.5,1,99.5,319.0,1,1,1,111,Hibernating
13704.0,6,9,2308.06,9,2308.06,6.0,5,5,5,555,Champions
13705.0,8,3,711.86,3,711.86,8.0,5,3,3,533,Loyal Customers
13706.0,303,1,330.79,1,330.79,303.0,1,1,2,112,Hibernating
13707.0,268,2,806.41,2,806.41,268.0,1,2,3,123,Others
13708.0,272,1,296.88,1,296.88,272.0,1,1,2,112,Hibernating
13709.0,4,13,6328.05,13,6328.05,4.0,5,5,5,555,Champions
13710.0,32,1,180.48,1,180.48,32.0,4,1,1,411,Others
13711.0,219,2,252.06,2,252.06,219.0,1,2,2,122,Hibernating
13712.0,247,1,228.84,1,228.84,247.0,1,1,1,111,Hibernating
13715.0,282,5,1079.34,5,1079.34,282.0,1,4,4,144,At Risk (High Frequency)
13716.0,270,1,138.28,1,138.28,270.0,1,1,1,111,Hibernating
13717.0,33,6,1445.01,6,1445.01,33.0,4,5,4,454,Champions
13718.0,247,2,306.55,2,306.55,247.0,1,2,2,122,Hibernating
13719.0,16,5,1041.68,5,1041.68,16.0,4,4,4,444,Champions
13720.0,117,4,799.9,4,799.9,117.0,2,4,3,243,At Risk (High Frequency)
13721.0,37,1,524.14,1,524.14,37.0,3,1,3,313,Potential Loyalists
13722.0,132,3,2375.41,3,2375.41,132.0,2,3,5,235,At Risk (High Value)
13723.0,218,1,199.85,1,199.85,218.0,1,1,1,111,Hibernating
13725.0,50,8,1980.56,8,1980.56,50.0,3,5,4,354,Others
13726.0,39,2,1079.66,2,1079.66,39.0,3,2,4,324,Potential Loyalists
13727.0,29,2,333.48,2,333.48,29.0,4,2,2,422,Others
13728.0,37,6,1016.14,6,1016.14,37.0,3,5,4,354,Others
13730.0,136,2,752.6,2,752.6,136.0,2,2,3,223,Others
13731.0,220,2,610.59,2,610.59,220.0,1,2,3,123,Others
13732.0,29,1,491.86,1,491.86,29.0,4,1,3,413,Others
13735.0,25,4,2885.24,4,2885.24,25.0,4,4,5,445,Champions
13736.0,6,2,731.9,2,731.9,6.0,5,2,3,523,New Customers
13737.0,201,1,339.6,1,339.6,201.0,1,1,2,112,Hibernating
13739.0,19,1,216.9,1,216.9,19.0,4,1,1,411,Others
13740.0,241,1,350.75,1,350.75,241.0,1,1,2,112,Hibernating
13741.0,72,3,668.43,3,668.43,72.0,3,3,3,333,Others
13742.0,17,12,3131.02,12,3131.02,17.0,4,5,5,455,Champions
13743.0,3,7,1341.6,7,1341.6,3.0,5,5,4,554,Champions
13744.0,96,2,1156.36,2,1156.36,96.0,2,2,4,224,At Risk (High Value)
13745.0,163,1,300.04,1,300.04,163.0,2,1,2,212,Hibernating
13747.0,374,1,79.6,1,79.6,369.6300000000001,1,1,1,111,Hibernating
13748.0,96,5,948.25,5,948.25,96.0,2,4,4,244,At Risk (High Frequency)
13750.0,54,5,1647.26,5,1647.26,54.0,3,4,4,344,Others
13751.0,289,1,296.25,1,296.25,289.0,1,1,2,112,Hibernating
13752.0,125,6,1186.28,6,1186.28,125.0,2,5,4,254,At Risk (High Frequency)
13753.0,288,1,741.26,1,741.26,288.0,1,1,3,113,Others
13754.0,152,2,282.6,2,282.6,152.0,2,2,2,222,Hibernating
13755.0,4,9,2161.35,9,2161.35,4.0,5,5,5,555,Champions
13756.0,3,14,5189.52,14,5189.52,3.0,5,5,5,555,Champions
13758.0,12,7,3190.55,7,3190.55,12.0,5,5,5,555,Champions
13759.0,34,2,659.41,2,659.41,34.0,3,2,3,323,Potential Loyalists
13760.0,55,2,286.79,2,286.79,55.0,3,2,2,322,Potential Loyalists
13761.0,51,2,1070.65,2,1070.65,51.0,3,2,4,324,Potential Loyalists
13762.0,219,1,306.72,1,306.72,219.0,1,1,2,112,Hibernating
13763.0,64,1,1714.96,1,1714.96,64.0,3,1,4,314,Potential Loyalists
13764.0,71,3,1521.76,3,1521.76,71.0,3,3,4,334,Others
13767.0,3,37,17220.36,30,17220.36,3.0,5,5,5,555,Champions
13769.0,3,10,2796.51,10,2796.51,3.0,5,5,5,555,Champions
13771.0,65,4,2634.45,4,2634.45,65.0,3,4,5,345,Others
13772.0,34,3,1132.13,3,1132.13,34.0,3,3,4,334,Others
13774.0,82,1,345.0,1,345.0,82.0,2,1,2,212,Hibernating
13777.0,1,33,25977.16,30,19880.99570000001,1.0,5,5,5,555,Champions
13778.0,104,1,178.7,1,178.7,104.0,2,1,1,211,Hibernating
13780.0,8,2,360.01,2,360.01,8.0,5,2,2,522,New Customers
13781.0,251,1,127.84,1,127.84,251.0,1,1,1,111,Hibernating
13782.0,13,6,912.0,6,912.0,13.0,5,5,3,553,Loyal Customers
13784.0,10,11,2462.79,11,2462.79,10.0,5,5,5,555,Champions
13786.0,368,1,230.4,1,230.4,368.0,1,1,1,111,Hibernating
13787.0,76,2,309.04,2,309.04,76.0,2,2,2,222,Hibernating
13790.0,5,1,348.8,1,348.8,5.0,5,1,2,512,New Customers
13791.0,128,2,1516.0,2,1516.0,128.0,2,2,4,224,At Risk (High Value)
13792.0,67,2,195.55,2,195.55,67.0,3,2,1,321,Potential Loyalists
13798.0,2,57,37153.85,30,19880.99570000001,2.0,5,5,5,555,Champions
13799.0,117,2,688.86,2,688.86,117.0,2,2,3,223,Others
13800.0,310,1,558.32,1,558.32,310.0,1,1,3,113,Others
13801.0,67,1,324.8,1,324.8,67.0,3,1,2,312,Potential Loyalists
13802.0,139,3,4599.42,3,4599.42,139.0,2,3,5,235,At Risk (High Value)
13803.0,256,1,277.07,1,277.07,256.0,1,1,2,112,Hibernating
13804.0,31,7,2635.79,7,2635.79,31.0,4,5,5,455,Champions
13805.0,53,2,924.6,2,924.6,53.0,3,2,3,323,Potential Loyalists
13806.0,64,1,256.38,1,256.38,64.0,3,1,2,312,Potential Loyalists
13807.0,368,1,112.6,1,112.6,368.0,1,1,1,111,Hibernating
13808.0,6,5,1747.66,5,1747.66,6.0,5,4,4,544,Champions
13809.0,306,1,155.05,1,155.05,306.0,1,1,1,111,Hibernating
13810.0,29,3,1499.01,3,1499.01,29.0,4,3,4,434,Loyal Customers
13811.0,184,3,814.5,3,814.5,184.0,1,3,3,133,Others
13812.0,43,3,539.0,3,539.0,43.0,3,3,3,333,Others
13813.0,40,4,1366.86,4,1366.86,40.0,3,4,4,344,Others
13814.0,93,2,1579.12,2,1579.12,93.0,2,2,4,224,At Risk (High Value)
13815.0,23,4,4027.36,4,4027.36,23.0,4,4,5,445,Champions
13816.0,24,2,571.67,2,571.67,24.0,4,2,3,423,Others
13817.0,30,2,382.98,2,382.98,30.0,4,2,2,422,Others
13819.0,302,3,1140.35,3,1140.35,302.0,1,3,4,134,At Risk (High Value)
13821.0,145,2,385.64,2,385.64,145.0,2,2,2,222,Hibernating
13822.0,6,2,632.0,2,632.0,6.0,5,2,3,523,New Customers
13823.0,19,2,957.66,2,957.66,19.0,4,2,4,424,Others
13824.0,33,5,1698.94,5,1698.94,33.0,4,4,4,444,Champions
13826.0,177,1,189.5,1,189.5,177.0,2,1,1,211,Hibernating
13827.0,58,3,412.05,3,412.05,58.0,3,3,2,332,Others
13828.0,23,1,209.49,1,209.49,23.0,4,1,1,411,Others
13831.0,17,6,2202.99,6,2202.99,17.0,4,5,5,455,Champions
13832.0,20,1,52.2,1,52.2,20.0,4,1,1,411,Others
13833.0,160,1,384.8,1,384.8,160.0,2,1,2,212,Hibernating
13835.0,26,4,834.57,4,834.57,26.0,4,4,3,443,Loyal Customers
13837.0,212,2,271.24,2,271.24,212.0,1,2,2,122,Hibernating
13838.0,6,4,691.73,4,691.73,6.0,5,4,3,543,Loyal Customers
13841.0,253,1,85.0,1,85.0,253.0,1,1,1,111,Hibernating
13842.0,59,9,3385.62,9,3385.62,59.0,3,5,5,355,Others
13844.0,12,1,361.62,1,361.62,12.0,5,1,2,512,New Customers
13845.0,65,1,312.98,1,312.98,65.0,3,1,2,312,Potential Loyalists
13846.0,25,3,865.06,3,865.06,25.0,4,3,3,433,Loyal Customers
13848.0,93,3,1255.0,3,1255.0,93.0,2,3,4,234,At Risk (High Value)
13849.0,52,2,1537.95,2,1537.95,52.0,3,2,4,324,Potential Loyalists
13850.0,130,1,1595.48,1,1595.48,130.0,2,1,4,214,At Risk (High Value)
13851.0,96,3,2651.46,3,2651.46,96.0,2,3,5,235,At Risk (High Value)
13853.0,58,1,1090.14,1,1090.14,58.0,3,1,4,314,Potential Loyalists
13854.0,9,25,8109.52,25,8109.52,9.0,5,5,5,555,Champions
13856.0,169,3,388.5,3,388.5,169.0,2,3,2,232,Others
13858.0,58,1,216.17,1,216.17,58.0,3,1,1,311,Potential Loyalists
13859.0,327,1,201.16,1,201.16,327.0,1,1,1,111,Hibernating
13860.0,2,5,1245.9,5,1245.9,2.0,5,4,4,544,Champions
13862.0,19,8,2209.36,8,2209.36,19.0,4,5,5,455,Champions
13863.0,248,1,305.78,1,305.78,248.0,1,1,2,112,Hibernating
13865.0,59,4,501.56,4,501.56,59.0,3,4,3,343,Others
13866.0,75,1,145.67,1,145.67,75.0,2,1,1,211,Hibernating
13867.0,32,3,1015.29,3,1015.29,32.0,4,3,4,434,Loyal Customers
13868.0,8,2,3192.54,2,3192.54,8.0,5,2,5,525,New Customers
13869.0,124,4,3104.95,4,3104.95,124.0,2,4,5,245,At Risk (High Frequency)
13870.0,3,8,2770.94,8,2770.94,3.0,5,5,5,555,Champions
13871.0,23,13,6403.25,13,6403.25,23.0,4,5,5,455,Champions
13873.0,120,3,389.6,3,389.6,120.0,2,3,2,232,Others
13874.0,359,1,540.45,1,540.45,359.0,1,1,3,113,Others
13875.0,54,5,1786.79,5,1786.79,54.0,3,4,4,344,Others
13876.0,64,1,122.7,1,122.7,64.0,3,1,1,311,Potential Loyalists
13877.0,87,1,117.24,1,117.24,87.0,2,1,1,211,Hibernating
13878.0,55,1,1281.53,1,1281.53,55.0,3,1,4,314,Potential Loyalists
13880.0,22,13,3219.77,13,3219.77,22.0,4,5,5,455,Champions
13881.0,4,20,17159.52,20,17159.52,4.0,5,5,5,555,Champions
13882.0,3,5,1191.13,5,1191.13,3.0,5,4,4,544,Champions
13883.0,11,5,2674.48,5,2674.48,11.0,5,4,5,545,Champions
13884.0,8,5,787.6,5,787.6,8.0,5,4,3,543,Loyal Customers
13885.0,190,2,506.8,2,506.8,190.0,1,2,3,123,Others
13886.0,72,1,243.56,1,243.56,72.0,3,1,1,311,Potential Loyalists
13887.0,205,1,349.55,1,349.55,205.0,1,1,2,112,Hibernating
13888.0,120,2,605.63,2,605.63,120.0,2,2,3,223,Others
13889.0,93,1,416.9,1,416.9,93.0,2,1,2,212,Hibernating
13890.0,2,10,1883.81,10,1883.81,2.0,5,5,4,554,Champions
13892.0,27,4,632.97,4,632.97,27.0,4,4,3,443,Loyal Customers
13893.0,298,1,821.1,1,821.1,298.0,1,1,3,113,Others
13894.0,24,3,564.62,3,564.62,24.0,4,3,3,433,Loyal Customers
13895.0,29,4,2593.07,4,2593.07,29.0,4,4,5,445,Champions
13897.0,51,1,311.16,1,311.16,51.0,3,1,2,312,Potential Loyalists
13898.0,326,1,155.93,1,155.93,326.0,1,1,1,111,Hibernating
13899.0,17,2,388.52,2,388.52,17.0,4,2,2,422,Others
13900.0,184,3,740.95,3,740.95,184.0,1,3,3,133,Others
13901.0,73,5,2867.2,5,2867.2,73.0,2,4,5,245,At Risk (High Frequency)
13904.0,38,2,332.64,2,332.64,38.0,3,2,2,322,Potential Loyalists
13908.0,80,4,2369.55,4,2369.55,80.0,2,4,5,245,At Risk (High Frequency)
13911.0,58,9,2580.91,9,2580.91,58.0,3,5,5,355,Others
13914.0,12,2,626.45,2,626.45,12.0,5,2,3,523,New Customers
13917.0,50,2,272.04,2,272.04,50.0,3,2,2,322,Potential Loyalists
13918.0,50,2,1212.84,2,1212.84,50.0,3,2,4,324,Potential Loyalists
13919.0,60,2,384.81,2,384.81,60.0,3,2,2,322,Potential Loyalists
13922.0,352,1,172.25,1,172.25,352.0,1,1,1,111,Hibernating
13923.0,54,1,351.13,1,351.13,54.0,3,1,2,312,Potential Loyalists
13924.0,2,6,1838.85,6,1838.85,2.0,5,5,4,554,Champions
13925.0,93,4,678.25,4,678.25,93.0,2,4,3,243,At Risk (High Frequency)
13926.0,24,1,223.85,1,223.85,24.0,4,1,1,411,Others
13927.0,75,1,348.99,1,348.99,75.0,2,1,2,212,Hibernating
13928.0,11,4,464.57,4,464.57,11.0,5,4,2,542,Others
13929.0,170,2,842.65,2,842.65,170.0,2,2,3,223,Others
13930.0,58,2,337.34,2,337.34,58.0,3,2,2,322,Potential Loyalists
13931.0,96,2,1237.53,2,1237.53,96.0,2,2,4,224,At Risk (High Value)
13932.0,295,1,307.4,1,307.4,295.0,1,1,2,112,Hibernating
13933.0,110,2,608.79,2,608.79,110.0,2,2,3,223,Others
13934.0,264,1,922.1,1,922.1,264.0,1,1,3,113,Others
13936.0,180,1,376.58,1,376.58,180.0,2,1,2,212,Hibernating
13937.0,170,1,158.85,1,158.85,170.0,2,1,1,211,Hibernating
13938.0,36,1,71.66,1,71.66,36.0,3,1,1,311,Potential Loyalists
13939.0,24,3,568.55,3,568.55,24.0,4,3,3,433,Loyal Customers
13940.0,18,4,839.14,4,839.14,18.0,4,4,3,443,Loyal Customers
13941.0,22,5,5112.96,5,5112.96,22.0,4,4,5,445,Champions
13946.0,80,3,561.57,3,561.57,80.0,2,3,3,233,Others
13947.0,66,1,90.6,1,90.6,66.0,3,1,1,311,Potential Loyalists
13948.0,361,1,102.0,1,102.0,361.0,1,1,1,111,Hibernating
13949.0,3,6,2427.32,6,2427.32,3.0,5,5,5,555,Champions
13950.0,12,4,745.06,4,745.06,12.0,5,4,3,543,Loyal Customers
13951.0,177,3,674.45,3,674.45,177.0,2,3,3,233,Others
13952.0,218,2,3251.07,2,3251.07,218.0,1,2,5,125,At Risk (High Value)
13953.0,8,7,3515.68,7,3515.68,8.0,5,5,5,555,Champions
13954.0,2,2,439.92,2,439.92,2.0,5,3,2,532,Others
13955.0,155,2,322.96,2,322.96,155.0,2,3,2,232,Others
13956.0,6,5,1026.42,5,1026.42,6.0,5,4,4,544,Champions
13959.0,80,3,598.2,3,598.2,80.0,2,3,3,233,Others
13960.0,22,2,230.22,2,230.22,22.0,4,3,1,431,Others
13962.0,22,2,169.55,2,169.55,22.0,4,3,1,431,Others
13963.0,309,4,664.54,4,664.54,309.0,1,4,3,143,At Risk (High Frequency)
13967.0,146,1,80.7,1,80.7,146.0,2,1,1,211,Hibernating
13969.0,8,18,9053.94,18,9053.94,8.0,5,5,5,555,Champions
13971.0,19,8,2758.26,8,2758.26,19.0,4,5,5,455,Champions
13972.0,71,2,190.25,2,190.25,71.0,3,3,1,331,Others
13973.0,288,1,264.7,1,264.7,288.0,1,1,2,112,Hibernating
13974.0,50,1,413.59,1,413.59,50.0,3,1,2,312,Potential Loyalists
13975.0,32,6,2526.28,6,2526.28,32.0,4,5,5,455,Champions
13976.0,207,1,357.98,1,357.98,207.0,1,1,2,112,Hibernating
13978.0,15,2,196.79,2,196.79,15.0,4,3,1,431,Others
13979.0,74,1,869.87,1,869.87,74.0,2,1,3,213,Others
13980.0,61,1,200.14,1,200.14,61.0,3,1,1,311,Potential Loyalists
13982.0,40,4,1871.81,4,1871.81,40.0,3,4,4,344,Others
13983.0,30,12,2603.43,12,2603.43,30.0,4,5,5,455,Champions
13984.0,27,5,920.51,5,920.51,27.0,4,4,3,443,Loyal Customers
13985.0,5,15,7060.13,15,7060.13,5.0,5,5,5,555,Champions
13986.0,18,1,320.46,1,320.46,18.0,4,1,2,412,Others
13988.0,20,6,4147.96,6,4147.96,20.0,4,5,5,455,Champions
13989.0,66,2,1266.08,2,1266.08,66.0,3,3,4,334,Others
13990.0,214,1,311.3,1,311.3,214.0,1,1,2,112,Hibernating
13991.0,13,6,855.97,6,855.97,13.0,5,5,3,553,Loyal Customers
13992.0,31,1,76.8,1,76.8,31.0,4,1,1,411,Others
13993.0,43,9,3466.36,9,3466.36,43.0,3,5,5,355,Others
13994.0,4,6,2313.14,6,2313.14,4.0,5,5,5,555,Champions
13995.0,16,5,1393.69,5,1393.69,16.0,4,4,4,444,Champions
13999.0,11,12,3901.81,12,3901.81,11.0,5,5,5,555,Champions
14000.0,212,1,635.66,1,635.66,212.0,1,1,3,113,Others
14001.0,46,3,2043.08,3,2043.08,46.0,3,3,4,334,Others
14002.0,135,2,529.73,2,529.73,135.0,2,3,3,233,Others
14004.0,44,7,4582.64,7,4582.64,44.0,3,5,5,355,Others
14005.0,10,5,2874.72,5,2874.72,10.0,5,4,5,545,Champions
14006.0,116,3,962.19,3,962.19,116.0,2,3,4,234,At Risk (High Value)
14009.0,199,2,695.61,2,695.61,199.0,1,3,3,133,Others
14012.0,278,1,328.8,1,328.8,278.0,1,1,2,112,Hibernating
14013.0,111,3,473.02,3,473.02,111.0,2,3,2,232,Others
14014.0,78,1,505.18,1,505.18,78.0,2,1,3,213,Others
14015.0,53,1,917.34,1,917.34,53.0,3,1,3,313,Potential Loyalists
14016.0,162,4,4341.21,4,4341.21,162.0,2,4,5,245,At Risk (High Frequency)
14019.0,47,3,1421.61,3,1421.61,47.0,3,3,4,334,Others
14020.0,17,2,642.8,2,642.8,17.0,4,3,3,433,Loyal Customers
14021.0,156,3,631.9,3,631.9,156.0,2,3,3,233,Others
14022.0,226,1,440.0,1,440.0,226.0,1,1,2,112,Hibernating
14023.0,8,2,584.07,2,584.07,8.0,5,3,3,533,Loyal Customers
14024.0,122,2,327.7,2,327.7,122.0,2,3,2,232,Others
14027.0,61,1,104.82,1,104.82,61.0,3,1,1,311,Potential Loyalists
14029.0,64,2,467.66,2,467.66,64.0,3,3,2,332,Others
14030.0,19,8,2360.09,8,2360.09,19.0,4,5,5,455,Champions
14031.0,8,19,17286.86,19,17286.86,8.0,5,5,5,555,Champions
14032.0,3,11,2975.59,11,2975.59,3.0,5,5,5,555,Champions
14034.0,23,3,651.82,3,651.82,23.0,4,3,3,433,Loyal Customers
14035.0,29,5,1428.02,5,1428.02,29.0,4,4,4,444,Champions
14036.0,285,1,626.65,1,626.65,285.0,1,1,3,113,Others
14037.0,177,2,147.2,2,147.2,177.0,2,3,1,231,Others
14038.0,79,3,1560.38,3,1560.38,79.0,2,3,4,234,At Risk (High Value)
14039.0,34,1,152.2,1,152.2,34.0,3,1,1,311,Potential Loyalists
14040.0,41,12,3614.92,12,3614.92,41.0,3,5,5,355,Others
14041.0,267,1,141.41,1,141.41,267.0,1,1,1,111,Hibernating
14044.0,27,4,652.82,4,652.82,27.0,4,4,3,443,Loyal Customers
14045.0,110,4,1659.75,4,1659.75,110.0,2,4,4,244,At Risk (High Frequency)
14046.0,285,1,154.99,1,154.99,285.0,1,1,1,111,Hibernating
14047.0,9,5,1308.61,5,1308.61,9.0,5,4,4,544,Champions
14048.0,306,1,409.93,1,409.93,306.0,1,1,2,112,Hibernating
14049.0,17,4,5681.72,4,5681.72,17.0,4,4,5,445,Champions
14050.0,32,2,746.36,2,746.36,32.0,4,3,3,433,Loyal Customers
14051.0,1,23,15610.39,23,15610.39,1.0,5,5,5,555,Champions
14052.0,20,1,225.36,1,225.36,20.0,4,1,1,411,Others
14053.0,125,2,260.25,2,260.25,125.0,2,3,2,232,Others
14054.0,66,1,92.46,1,92.46,66.0,3,1,1,311,Potential Loyalists
14055.0,107,1,725.64,1,725.64,107.0,2,1,3,213,Others
14056.0,2,23,8214.65,23,8214.65,2.0,5,5,5,555,Champions
14057.0,24,17,6217.96,17,6217.96,24.0,4,5,5,455,Champions
14059.0,267,1,183.6,1,183.6,267.0,1,1,1,111,Hibernating
14060.0,5,19,6140.42,19,6140.42,5.0,5,5,5,555,Champions
14062.0,10,12,10464.85,12,10464.85,10.0,5,5,5,555,Champions
14064.0,30,5,1353.74,5,1353.74,30.0,4,4,4,444,Champions
14066.0,267,1,152.55,1,152.55,267.0,1,1,1,111,Hibernating
14067.0,64,2,374.7,2,374.7,64.0,3,3,2,332,Others
14068.0,321,1,265.85,1,265.85,321.0,1,1,2,112,Hibernating
14071.0,4,8,1438.82,8,1438.82,4.0,5,5,4,554,Champions
14073.0,33,1,151.04,1,151.04,33.0,4,1,1,411,Others
14075.0,5,3,942.26,3,942.26,5.0,5,3,3,533,Loyal Customers
14076.0,130,1,122.47,1,122.47,130.0,2,1,1,211,Hibernating
14077.0,41,5,499.42,5,499.42,41.0,3,4,3,343,Others
14078.0,102,6,1049.37,6,1049.37,102.0,2,5,4,254,At Risk (High Frequency)
14079.0,125,1,375.1,1,375.1,125.0,2,1,2,212,Hibernating
14080.0,33,1,45.6,1,45.6,33.0,4,1,1,411,Others
14081.0,303,2,934.52,2,934.52,303.0,1,3,3,133,Others
14082.0,365,1,182.25,1,182.25,365.0,1,1,1,111,Hibernating
14083.0,5,9,1018.43,9,1018.43,5.0,5,5,4,554,Champions
14085.0,3,18,4448.54,18,4448.54,3.0,5,5,5,555,Champions
14087.0,3,1,194.42,1,194.42,3.0,5,1,1,511,New Customers
14088.0,11,13,50491.81,13,19880.99570000001,11.0,5,5,5,555,Champions
14089.0,57,1,161.0,1,161.0,57.0,3,1,1,311,Potential Loyalists
14090.0,325,1,76.32,1,76.32,325.0,1,1,1,111,Hibernating
14092.0,8,14,4076.91,14,4076.91,8.0,5,5,5,555,Champions
14093.0,13,1,442.85,1,442.85,13.0,5,1,2,512,New Customers
14096.0,5,17,65164.79,17,19880.99570000001,5.0,5,5,5,555,Champions
14098.0,37,1,147.35,1,147.35,37.0,3,1,1,311,Potential Loyalists
14099.0,17,11,3104.17,11,3104.17,17.0,4,5,5,455,Champions
14100.0,138,1,194.9,1,194.9,138.0,2,1,1,211,Hibernating
14101.0,74,6,5976.79,6,5976.79,74.0,2,5,5,255,At Risk (High Frequency)
14102.0,6,5,1360.28,5,1360.28,6.0,5,4,4,544,Champions
14104.0,155,2,216.21,2,216.21,155.0,2,3,1,231,Others
14105.0,240,1,1266.23,1,1266.23,240.0,1,1,4,114,At Risk (High Value)
14107.0,52,7,2703.23,7,2703.23,52.0,3,5,5,355,Others
14108.0,31,2,597.91,2,597.91,31.0,4,3,3,433,Loyal Customers
14109.0,73,1,144.2,1,144.2,73.0,2,1,1,211,Hibernating
14110.0,4,12,5683.15,12,5683.15,4.0,5,5,5,555,Champions
14111.0,15,4,692.85,4,692.85,15.0,4,4,3,443,Loyal Customers
14112.0,23,7,2915.15,7,2915.15,23.0,4,5,5,455,Champions
14113.0,4,4,1840.42,4,1840.42,4.0,5,4,4,544,Champions
14114.0,274,2,386.53,2,386.53,274.0,1,3,2,132,Others
14116.0,20,5,1382.74,5,1382.74,20.0,4,4,4,444,Champions
14117.0,144,1,90.0,1,90.0,144.0,2,1,1,211,Hibernating
14121.0,4,4,2780.15,4,2780.15,4.0,5,4,5,545,Champions
14124.0,85,1,419.58,1,419.58,85.0,2,1,2,212,Hibernating
14125.0,11,3,2740.43,3,2740.43,11.0,5,3,5,535,Loyal Customers
14126.0,8,3,706.13,3,706.13,8.0,5,3,3,533,Loyal Customers
14127.0,123,3,709.71,3,709.71,123.0,2,3,3,233,Others
14128.0,61,2,637.5,2,637.5,61.0,3,3,3,333,Others
14129.0,2,5,1123.86,5,1123.86,2.0,5,4,4,544,Champions
14130.0,320,1,483.86,1,483.86,320.0,1,1,2,112,Hibernating
14132.0,3,11,3586.03,11,3586.03,3.0,5,5,5,555,Champions
14133.0,130,3,605.64,3,605.64,130.0,2,3,3,233,Others
14135.0,2,15,4690.31,15,4690.31,2.0,5,5,5,555,Champions
14138.0,2,2,982.38,2,982.38,2.0,5,3,4,534,Loyal Customers
14139.0,47,1,415.82,1,415.82,47.0,3,1,2,312,Potential Loyalists
14140.0,4,2,935.05,2,935.05,4.0,5,3,3,533,Loyal Customers
14141.0,3,4,915.13,4,915.13,3.0,5,4,3,543,Loyal Customers
14142.0,374,1,311.81,1,311.81,369.6300000000001,1,1,2,112,Hibernating
14143.0,134,1,115.8,1,115.8,134.0,2,1,1,211,Hibernating
14145.0,47,4,3742.2,4,3742.2,47.0,3,4,5,345,Others
14146.0,9,5,4191.0,5,4191.0,9.0,5,4,5,545,Champions
14147.0,79,2,483.4,2,483.4,79.0,2,3,2,232,Others
14148.0,234,1,157.2,1,157.2,234.0,1,1,1,111,Hibernating
14149.0,221,1,446.62,1,446.62,221.0,1,1,2,112,Hibernating
14150.0,36,2,658.64,2,658.64,36.0,3,3,3,333,Others
14152.0,76,2,621.29,2,621.29,76.0,2,3,3,233,Others
14154.0,240,2,1345.62,2,1345.62,240.0,1,3,4,134,At Risk (High Value)
14155.0,267,1,118.75,1,118.75,267.0,1,1,1,111,Hibernating
14156.0,10,55,117379.63,30,19880.99570000001,10.0,5,5,5,555,Champions
14157.0,20,2,432.88,2,432.88,20.0,4,3,2,432,Others
14158.0,41,1,507.66,1,507.66,41.0,3,1,3,313,Potential Loyalists
14159.0,20,11,4693.01,11,4693.01,20.0,4,5,5,455,Champions
14161.0,216,3,1110.52,3,1110.52,216.0,1,3,4,134,At Risk (High Value)
14162.0,174,2,289.36,2,289.36,174.0,2,3,2,232,Others
14163.0,88,4,2445.91,4,2445.91,88.0,2,4,5,245,At Risk (High Frequency)
14164.0,71,2,1631.77,2,1631.77,71.0,3,3,4,334,Others
14165.0,276,1,122.54,1,122.54,276.0,1,1,1,111,Hibernating
14167.0,40,4,574.84,4,574.84,40.0,3,4,3,343,Others
14171.0,99,1,363.79,1,363.79,99.0,2,1,2,212,Hibernating
14173.0,11,4,450.84,4,450.84,11.0,5,4,2,542,Others
14174.0,34,1,134.46,1,134.46,34.0,3,1,1,311,Potential Loyalists
14175.0,60,3,3222.3,3,3222.3,60.0,3,3,5,335,Others
14176.0,298,4,576.9,4,576.9,298.0,1,4,3,143,At Risk (High Frequency)
14177.0,87,4,559.41,4,559.41,87.0,2,4,3,243,At Risk (High Frequency)
14178.0,9,7,1620.93,7,1620.93,9.0,5,5,4,554,Champions
14179.0,41,2,719.78,2,719.78,41.0,3,3,3,333,Others
14180.0,11,25,4748.52,25,4748.52,11.0,5,5,5,555,Champions
14184.0,67,1,452.89,1,452.89,67.0,3,1,2,312,Potential Loyalists
14185.0,332,1,197.65,1,197.65,332.0,1,1,1,111,Hibernating
14188.0,31,6,2054.36,6,2054.36,31.0,4,5,4,454,Champions
14189.0,3,15,4654.08,15,4654.08,3.0,5,5,5,555,Champions
14191.0,2,13,4684.76,13,4684.76,2.0,5,5,5,555,Champions
14193.0,68,2,853.39,2,853.39,68.0,3,3,3,333,Others
14194.0,5,21,11349.52,21,11349.52,5.0,5,5,5,555,Champions
14195.0,202,2,1012.0,2,1012.0,202.0,1,3,4,134,At Risk (High Value)
14196.0,107,1,335.52,1,335.52,107.0,2,1,2,212,Hibernating
14198.0,19,4,701.4,4,701.4,19.0,4,4,3,443,Loyal Customers
14199.0,219,1,185.4,1,185.4,219.0,1,1,1,111,Hibernating
14201.0,61,7,747.44,7,747.44,61.0,3,5,3,353,Others
14204.0,3,1,161.03,1,161.03,3.0,5,1,1,511,New Customers
14205.0,17,2,466.7,2,466.7,17.0,4,3,2,432,Others
14206.0,240,1,328.16,1,328.16,240.0,1,1,2,112,Hibernating
14208.0,95,1,151.74,1,151.74,95.0,2,1,1,211,Hibernating
14209.0,11,6,2073.43,6,2073.43,11.0,5,5,5,555,Champions
14210.0,106,6,1905.84,6,1905.84,106.0,2,5,4,254,At Risk (High Frequency)
14211.0,54,9,2241.1,9,2241.1,54.0,3,5,5,355,Others
14212.0,90,1,1070.48,1,1070.48,90.0,2,1,4,214,At Risk (High Value)
14214.0,31,5,1004.38,5,1004.38,31.0,4,4,4,444,Champions
14215.0,12,6,1789.72,6,1789.72,12.0,5,5,4,554,Champions
14216.0,4,4,1839.3,4,1839.3,4.0,5,4,4,544,Champions
14217.0,2,17,2004.98,17,2004.98,2.0,5,5,4,554,Champions
14218.0,43,1,169.48,1,169.48,43.0,3,1,1,311,Potential Loyalists
14219.0,5,1,89.94,1,89.94,5.0,5,1,1,511,New Customers
14220.0,248,2,632.4,2,632.4,248.0,1,3,3,133,Others
14221.0,43,9,3432.8,9,3432.8,43.0,3,5,5,355,Others
14222.0,178,1,683.17,1,683.17,178.0,2,1,3,213,Others
14223.0,93,3,991.13,3,991.13,93.0,2,3,4,234,At Risk (High Value)
14224.0,111,4,1050.12,4,1050.12,111.0,2,4,4,244,At Risk (High Frequency)
14226.0,29,5,2232.19,5,2232.19,29.0,4,4,5,445,Champions
14227.0,27,10,3350.96,10,3350.96,27.0,4,5,5,455,Champions
14229.0,52,3,1547.2,3,1547.2,52.0,3,3,4,334,Others
14231.0,184,3,925.71,3,925.71,184.0,1,3,3,133,Others
14232.0,43,5,2048.07,5,2048.07,43.0,3,4,4,344,Others
14233.0,50,4,1462.72,4,1462.72,50.0,3,4,4,344,Others
14234.0,23,4,775.46,4,775.46,23.0,4,4,3,443,Loyal Customers
14235.0,76,5,3144.86,5,3144.86,76.0,2,4,5,245,At Risk (High Frequency)
14236.0,81,2,490.86,2,490.86,81.0,2,3,3,233,Others
14237.0,374,1,161.0,1,161.0,369.6300000000001,1,1,1,111,Hibernating
14238.0,327,1,146.85,1,146.85,327.0,1,1,1,111,Hibernating
14239.0,44,11,2380.85,11,2380.85,44.0,3,5,5,355,Others
14240.0,31,2,890.34,2,890.34,31.0,4,3,3,433,Loyal Customers
14241.0,184,1,213.7,1,213.7,184.0,1,1,1,111,Hibernating
14242.0,235,2,280.55,2,280.55,235.0,1,3,2,132,Others
14243.0,9,10,2588.77,10,2588.77,9.0,5,5,5,555,Champions
14245.0,220,2,1693.45,2,1693.45,220.0,1,3,4,134,At Risk (High Value)
14246.0,111,3,1474.06,3,1474.06,111.0,2,3,4,234,At Risk (High Value)
14247.0,279,1,136.77,1,136.77,279.0,1,1,1,111,Hibernating
14248.0,319,1,302.58,1,302.58,319.0,1,1,2,112,Hibernating
14250.0,8,3,1904.05,3,1904.05,8.0,5,3,4,534,Loyal Customers
14251.0,2,5,2879.7,5,2879.7,2.0,5,4,5,545,Champions
14256.0,261,2,969.06,2,969.06,261.0,1,3,4,134,At Risk (High Value)
14257.0,65,5,3099.72,5,3099.72,65.0,3,4,5,345,Others
14258.0,10,9,12669.98,9,12669.98,10.0,5,5,5,555,Champions
14259.0,142,1,120.0,1,120.0,142.0,2,1,1,211,Hibernating
14261.0,51,2,1163.45,2,1163.45,51.0,3,3,4,334,Others
14262.0,9,8,2618.23,8,2618.23,9.0,5,5,5,555,Champions
14264.0,155,2,333.97,2,333.97,155.0,2,3,2,232,Others
14265.0,110,2,530.18,2,530.18,110.0,2,3,3,233,Others
14267.0,163,3,1516.24,3,1516.24,163.0,2,3,4,234,At Risk (High Value)
14270.0,332,1,492.65,1,492.65,332.0,1,1,3,113,Others
14271.0,226,1,112.32,1,112.32,226.0,1,1,1,111,Hibernating
14272.0,74,2,437.96,2,437.96,74.0,2,3,2,232,Others
14273.0,52,4,559.97,4,559.97,52.0,3,4,3,343,Others
14276.0,99,3,1119.74,3,1119.74,99.0,2,3,4,234,At Risk (High Value)
14277.0,16,3,4216.2,3,4216.2,16.0,4,3,5,435,Loyal Customers
14280.0,197,1,134.04,1,134.04,197.0,1,1,1,111,Hibernating
14282.0,4,15,3729.34,15,3729.34,4.0,5,5,5,555,Champions
14284.0,31,2,595.25,2,595.25,31.0,4,3,3,433,Loyal Customers
14285.0,22,4,1910.01,4,1910.01,22.0,4,4,4,444,Champions
14286.0,24,3,4628.75,3,4628.75,24.0,4,3,5,435,Loyal Customers
14287.0,9,3,176.63,3,176.63,9.0,5,3,1,531,Others
14288.0,214,1,426.6,1,426.6,214.0,1,1,2,112,Hibernating
14289.0,9,6,911.26,6,911.26,9.0,5,5,3,553,Loyal Customers
14290.0,12,5,2314.65,5,2314.65,12.0,5,4,5,545,Champions
14291.0,2,11,3883.25,11,3883.25,2.0,5,5,5,555,Champions
14292.0,8,9,4871.93,9,4871.93,8.0,5,5,5,555,Champions
14293.0,4,4,1046.56,4,1046.56,4.0,5,4,4,544,Champions
14295.0,41,1,166.2,1,166.2,41.0,3,1,1,311,Potential Loyalists
14297.0,18,4,1305.33,4,1305.33,18.0,4,4,4,444,Champions
14298.0,9,44,51527.3,30,19880.99570000001,9.0,5,5,5,555,Champions
14299.0,9,9,3965.62,9,3965.62,9.0,5,5,5,555,Champions
14300.0,19,1,43.2,1,43.2,19.0,4,1,1,411,Others
14301.0,118,1,640.14,1,640.14,118.0,2,1,3,213,Others
14304.0,223,1,383.45,1,383.45,223.0,1,1,2,112,Hibernating
14305.0,72,3,1858.96,3,1858.96,72.0,3,3,4,334,Others
14306.0,52,2,2093.32,2,2093.32,52.0,3,3,5,335,Others
14307.0,89,6,2995.72,6,2995.72,89.0,2,5,5,255,At Risk (High Frequency)
14309.0,9,9,2352.53,9,2352.53,9.0,5,5,5,555,Champions
14311.0,243,1,310.26,1,310.26,243.0,1,1,2,112,Hibernating
14312.0,47,6,1611.59,6,1611.59,47.0,3,5,4,354,Others
14314.0,107,1,120.0,1,120.0,107.0,2,1,1,211,Hibernating
14315.0,45,6,2481.13,6,2481.13,45.0,3,5,5,355,Others
14317.0,65,1,508.58,1,508.58,65.0,3,1,3,313,Potential Loyalists
14320.0,207,2,477.79,2,477.79,207.0,1,3,2,132,Others
14321.0,11,5,1530.75,5,1530.75,11.0,5,4,4,544,Champions
14323.0,115,2,605.06,2,605.06,115.0,2,3,3,233,Others
14326.0,243,1,183.85,1,183.85,243.0,1,1,1,111,Hibernating
14327.0,164,1,311.65,1,311.65,164.0,2,1,2,212,Hibernating
14329.0,18,7,5014.84,7,5014.84,18.0,4,5,5,455,Champions
14331.0,125,2,462.66,2,462.66,125.0,2,3,2,232,Others
14332.0,23,3,866.31,3,866.31,23.0,4,3,3,433,Loyal Customers
14333.0,68,1,415.2,1,415.2,68.0,3,1,2,312,Potential Loyalists
14334.0,17,8,2552.21,8,2552.21,17.0,4,5,5,455,Champions
14335.0,17,2,468.26,2,468.26,17.0,4,3,2,432,Others
14336.0,17,4,1614.91,4,1614.91,17.0,4,4,4,444,Champions
14338.0,162,2,588.22,2,588.22,162.0,2,3,3,233,Others
14339.0,243,1,309.52,1,309.52,243.0,1,1,2,112,Hibernating
14340.0,219,1,134.7,1,134.7,219.0,1,1,1,111,Hibernating
14341.0,46,8,2182.28,8,2182.28,46.0,3,5,5,355,Others
14342.0,22,4,668.56,4,668.56,22.0,4,4,3,443,Loyal Customers
14344.0,128,8,889.93,8,889.93,128.0,2,5,3,253,At Risk (High Frequency)
14345.0,39,1,108.98,1,108.98,39.0,3,1,1,311,Potential Loyalists
14346.0,121,2,1021.58,2,1021.58,121.0,2,3,4,234,At Risk (High Value)
14348.0,261,1,409.57,1,409.57,261.0,1,1,2,112,Hibernating
14349.0,11,1,133.5,1,133.5,11.0,5,1,1,511,New Customers
14350.0,275,1,282.93,1,282.93,275.0,1,1,2,112,Hibernating
14351.0,165,1,51.0,1,51.0,165.0,2,1,1,211,Hibernating
14352.0,158,4,1078.96,4,1078.96,158.0,2,4,4,244,At Risk (High Frequency)
14353.0,216,1,90.6,1,90.6,216.0,1,1,1,111,Hibernating
14354.0,6,2,163.62,2,163.62,6.0,5,3,1,531,Others
14355.0,366,1,174.4,1,174.4,366.0,1,1,1,111,Hibernating
14356.0,80,2,701.23,2,701.23,80.0,2,3,3,233,Others
14357.0,44,1,225.77,1,225.77,44.0,3,1,1,311,Potential Loyalists
14359.0,20,3,912.18,3,912.18,20.0,4,3,3,433,Loyal Customers
14360.0,32,4,2128.23,4,2128.23,32.0,4,4,5,445,Champions
14362.0,23,1,161.2,1,161.2,23.0,4,1,1,411,Others
14364.0,109,8,3717.35,8,3717.35,109.0,2,5,5,255,At Risk (High Frequency)
14367.0,9,16,9261.52,16,9261.52,9.0,5,5,5,555,Champions
14368.0,320,1,155.0,1,155.0,320.0,1,1,1,111,Hibernating
14371.0,296,1,100.5,1,100.5,296.0,1,1,1,111,Hibernating
14373.0,359,1,76.55,1,76.55,359.0,1,1,1,111,Hibernating
14375.0,186,1,257.68,1,257.68,186.0,1,1,2,112,Hibernating
14377.0,192,2,617.05,2,617.05,192.0,1,3,3,133,Others
14379.0,45,2,348.1,2,348.1,45.0,3,3,2,332,Others
14381.0,53,1,202.68,1,202.68,53.0,3,1,1,311,Potential Loyalists
14382.0,27,1,626.07,1,626.07,27.0,4,1,3,413,Others
14383.0,39,3,1247.69,3,1247.69,39.0,3,3,4,334,Others
14385.0,10,3,202.11,3,202.11,10.0,5,3,1,531,Others
14386.0,297,1,142.4,1,142.4,297.0,1,1,1,111,Hibernating
14387.0,33,3,1770.56,3,1770.56,33.0,4,3,4,434,Loyal Customers
14388.0,11,8,3212.84,8,3212.84,11.0,5,5,5,555,Champions
14389.0,66,2,1043.46,2,1043.46,66.0,3,3,4,334,Others
14390.0,11,9,4652.82,9,4652.82,11.0,5,5,5,555,Champions
14393.0,219,1,67.95,1,67.95,219.0,1,1,1,111,Hibernating
14395.0,3,9,3507.71,9,3507.71,3.0,5,5,5,555,Champions
14396.0,66,2,487.99,2,487.99,66.0,3,3,2,332,Others
14397.0,3,19,2612.96,19,2612.96,3.0,5,5,5,555,Champions
14400.0,150,1,574.7,1,574.7,150.0,2,1,3,213,Others
14401.0,5,13,4051.48,13,4051.48,5.0,5,5,5,555,Champions
14403.0,131,4,1475.81,4,1475.81,131.0,2,4,4,244,At Risk (High Frequency)
14404.0,34,6,1474.32,6,1474.32,34.0,3,5,4,354,Others
14406.0,120,1,156.75,1,156.75,120.0,2,1,1,211,Hibernating
14407.0,108,6,2157.73,6,2157.73,108.0,2,5,5,255,At Risk (High Frequency)
14408.0,11,7,2606.53,7,2606.53,11.0,5,5,5,555,Champions
14409.0,72,6,2059.45,6,2059.45,72.0,3,5,5,355,Others
14410.0,93,9,1105.07,9,1105.07,93.0,2,5,4,254,At Risk (High Frequency)
14411.0,311,1,1063.0,1,1063.0,311.0,1,1,4,114,At Risk (High Value)
14412.0,43,2,770.03,2,770.03,43.0,3,3,3,333,Others
14413.0,363,1,122.7,1,122.7,363.0,1,1,1,111,Hibernating
14414.0,92,7,1496.98,7,1496.98,92.0,2,5,4,254,At Risk (High Frequency)
14415.0,2,13,5900.28,13,5900.28,2.0,5,5,5,555,Champions
14416.0,23,2,490.22,2,490.22,23.0,4,3,3,433,Loyal Customers
14418.0,4,3,1937.25,3,1937.25,4.0,5,3,4,534,Loyal Customers
14419.0,11,6,1058.06,6,1058.06,11.0,5,5,4,554,Champions
14420.0,100,1,387.52,1,387.52,100.0,2,1,2,212,Hibernating
14421.0,58,2,813.11,2,813.11,58.0,3,3,3,333,Others
14422.0,1,6,4263.64,6,4263.64,1.0,5,5,5,555,Champions
14423.0,219,1,265.2,1,265.2,219.0,1,1,2,112,Hibernating
14424.0,18,1,322.08,1,322.08,18.0,4,1,2,412,Others
14426.0,24,10,4481.67,10,4481.67,24.0,4,5,5,455,Champions
14427.0,51,2,363.34,2,363.34,51.0,3,3,2,332,Others
14428.0,8,5,1244.83,5,1244.83,8.0,5,4,4,544,Champions
14431.0,303,1,470.36,1,470.36,303.0,1,1,2,112,Hibernating
14432.0,10,6,2255.51,6,2255.51,10.0,5,5,5,555,Champions
14434.0,22,6,1372.8,6,1372.8,22.0,4,5,4,454,Champions
14436.0,99,1,89.06,1,89.06,99.0,2,1,1,211,Hibernating
14437.0,366,1,63.0,1,63.0,366.0,1,1,1,111,Hibernating
14438.0,307,1,131.9,1,131.9,307.0,1,1,1,111,Hibernating
14439.0,320,1,2661.24,1,2661.24,320.0,1,1,5,115,At Risk (High Value)
14440.0,9,5,2357.68,5,2357.68,9.0,5,4,5,545,Champions
14441.0,1,4,1712.89,4,1712.89,1.0,5,4,4,544,Champions
14442.0,205,2,1589.82,2,1589.82,205.0,1,3,4,134,At Risk (High Value)
14443.0,54,4,1420.2,4,1420.2,54.0,3,4,4,344,Others
14446.0,1,4,1039.58,4,1039.58,1.0,5,4,4,544,Champions
14447.0,19,5,1163.23,5,1163.23,19.0,4,4,4,444,Champions
14448.0,10,2,375.35,2,375.35,10.0,5,3,2,532,Others
14449.0,19,4,907.1,4,907.1,19.0,4,4,3,443,Loyal Customers
14450.0,181,3,483.25,3,483.25,181.0,1,3,2,132,Others
14451.0,61,2,662.59,2,662.59,61.0,3,3,3,333,Others
14452.0,11,2,264.44,2,264.44,11.0,5,3,2,532,Others
14453.0,191,1,119.93,1,119.93,191.0,1,1,1,111,Hibernating
14456.0,6,9,3062.4,9,3062.4,6.0,5,5,5,555,Champions
14457.0,311,1,113.64,1,113.64,311.0,1,1,1,111,Hibernating
14459.0,156,1,1837.92,1,1837.92,156.0,2,1,4,214,At Risk (High Value)
14460.0,111,3,434.34,3,434.34,111.0,2,3,2,232,Others
14461.0,149,3,2103.06,3,2103.06,149.0,2,3,5,235,At Risk (High Value)
14462.0,67,11,2004.02,11,2004.02,67.0,3,5,4,354,Others
14463.0,99,3,529.62,3,529.62,99.0,2,3,3,233,Others
14465.0,247,3,1058.62,3,1058.62,247.0,1,3,4,134,At Risk (High Value)
14466.0,30,7,2272.4,7,2272.4,30.0,4,5,5,455,Champions
14467.0,18,4,598.76,4,598.76,18.0,4,4,3,443,Loyal Customers
14470.0,12,2,461.19,2,461.19,12.0,5,3,2,532,Others
14472.0,104,8,1936.84,8,1936.84,104.0,2,5,4,254,At Risk (High Frequency)
14473.0,75,2,234.34,2,234.34,75.0,2,3,1,231,Others
14474.0,47,1,547.66,1,547.66,47.0,3,1,3,313,Potential Loyalists
14475.0,72,3,925.85,3,925.85,72.0,3,3,3,333,Others
14476.0,258,1,215.7,1,215.7,258.0,1,1,1,111,Hibernating
14477.0,20,4,1309.6,4,1309.6,20.0,4,4,4,444,Champions
14479.0,254,2,316.25,2,316.25,254.0,1,3,2,132,Others
14480.0,12,1,279.05,1,279.05,12.0,5,1,2,512,New Customers
14481.0,165,2,636.51,2,636.51,165.0,2,3,3,233,Others
14482.0,19,6,2068.15,6,2068.15,19.0,4,5,5,455,Champions
14483.0,282,1,137.1,1,137.1,282.0,1,1,1,111,Hibernating
14484.0,51,1,321.92,1,321.92,51.0,3,1,2,312,Potential Loyalists
14485.0,39,1,165.75,1,165.75,39.0,3,1,1,311,Potential Loyalists
14487.0,27,6,1196.33,6,1196.33,27.0,4,5,4,454,Champions
14488.0,68,1,1064.28,1,1064.28,68.0,3,1,4,314,Potential Loyalists
14489.0,208,1,463.38,1,463.38,208.0,1,1,2,112,Hibernating
14491.0,176,2,340.93,2,340.93,176.0,2,3,2,232,Others
14493.0,8,5,2383.24,5,2383.24,8.0,5,4,5,545,Champions
14494.0,26,1,139.56,1,139.56,26.0,4,1,1,411,Others
14495.0,51,2,123.8,2,123.8,51.0,3,3,1,331,Others
14496.0,312,2,538.81,2,538.81,312.0,1,3,3,133,Others
14497.0,310,1,475.37,1,475.37,310.0,1,1,2,112,Hibernating
14498.0,43,5,1957.32,5,1957.32,43.0,3,4,4,344,Others
14499.0,27,3,815.32,3,815.32,27.0,4,3,3,433,Loyal Customers
14500.0,89,3,356.85,3,356.85,89.0,2,3,2,232,Others
14501.0,184,2,251.21,2,251.21,184.0,1,3,2,132,Others
14502.0,20,11,2470.67,11,2470.67,20.0,4,5,5,455,Champions
14503.0,4,6,3543.26,6,3543.26,4.0,5,5,5,555,Champions
14504.0,48,4,673.26,4,673.26,48.0,3,4,3,343,Others
14505.0,18,8,5905.64,8,5905.64,18.0,4,5,5,455,Champions
14506.0,18,5,2012.17,5,2012.17,18.0,4,4,4,444,Champions
14507.0,24,6,1383.18,6,1383.18,24.0,4,5,4,454,Champions
14508.0,23,2,276.42,2,276.42,23.0,4,3,2,432,Others
14511.0,12,5,1314.81,5,1314.81,12.0,5,4,4,544,Champions
14512.0,188,2,275.28,2,275.28,188.0,1,3,2,132,Others
14513.0,101,3,455.59,3,455.59,101.0,2,3,2,232,Others
14514.0,62,3,1055.35,3,1055.35,62.0,3,3,4,334,Others
14515.0,18,6,2102.09,6,2102.09,18.0,4,5,5,455,Champions
14517.0,34,2,330.45,2,330.45,34.0,3,3,2,332,Others
14518.0,65,1,174.37,1,174.37,65.0,3,1,1,311,Potential Loyalists
14520.0,2,2,270.6,2,270.6,2.0,5,3,2,532,Others
14522.0,25,4,974.54,4,974.54,25.0,4,4,4,444,Champions
14523.0,109,1,241.09,1,241.09,109.0,2,1,1,211,Hibernating
14524.0,32,9,1867.68,9,1867.68,32.0,4,5,4,454,Champions
14525.0,20,9,4332.2,9,4332.2,20.0,4,5,5,455,Champions
14527.0,3,55,8508.82,30,8508.82,3.0,5,5,5,555,Champions
14528.0,38,1,364.22,1,364.22,38.0,3,1,2,312,Potential Loyalists
14529.0,61,3,620.04,3,620.04,61.0,3,3,3,333,Others
14530.0,26,6,2925.91,6,2925.91,26.0,4,5,5,455,Champions
14532.0,237,4,932.85,4,932.85,237.0,1,4,3,143,At Risk (High Frequency)
14533.0,25,7,1949.72,7,1949.72,25.0,4,5,4,454,Champions
14534.0,3,18,4447.05,18,4447.05,3.0,5,5,5,555,Champions
14535.0,61,3,2864.19,3,2864.19,61.0,3,3,5,335,Others
14536.0,260,1,171.8,1,171.8,260.0,1,1,1,111,Hibernating
14537.0,58,1,355.56,1,355.56,58.0,3,1,2,312,Potential Loyalists
14538.0,65,2,388.25,2,388.25,65.0,3,3,2,332,Others
14539.0,16,2,537.48,2,537.48,16.0,4,3,3,433,Loyal Customers
14540.0,10,3,996.26,3,996.26,10.0,5,3,4,534,Loyal Customers
14541.0,59,8,1461.65,8,1461.65,59.0,3,5,4,354,Others
14542.0,186,1,103.25,1,103.25,186.0,1,1,1,111,Hibernating
14543.0,29,16,3630.33,16,3630.33,29.0,4,5,5,455,Champions
14544.0,25,2,2024.45,2,2024.45,25.0,4,3,4,434,Loyal Customers
14546.0,6,5,2578.09,5,2578.09,6.0,5,4,5,545,Champions
14547.0,4,8,4007.54,8,4007.54,4.0,5,5,5,555,Champions
14548.0,151,2,652.8,2,652.8,151.0,2,3,3,233,Others
14549.0,312,1,289.24,1,289.24,312.0,1,1,2,112,Hibernating
14550.0,11,2,765.62,2,765.62,11.0,5,3,3,533,Loyal Customers
14551.0,19,2,186.23,2,186.23,19.0,4,3,1,431,Others
14552.0,152,1,165.07,1,165.07,152.0,2,1,1,211,Hibernating
14553.0,20,5,859.27,5,859.27,20.0,4,4,3,443,Loyal Customers
14554.0,11,4,2381.04,4,2381.04,11.0,5,4,5,545,Champions
14555.0,58,2,324.14,2,324.14,58.0,3,3,2,332,Others
14557.0,86,1,788.38,1,788.38,86.0,2,1,3,213,Others
14560.0,8,22,2237.77,22,2237.77,8.0,5,5,5,555,Champions
14561.0,76,3,1080.76,3,1080.76,76.0,2,3,4,234,At Risk (High Value)
14562.0,4,18,5074.77,18,5074.77,4.0,5,5,5,555,Champions
14565.0,96,4,3099.12,4,3099.12,96.0,2,4,5,245,At Risk (High Frequency)
14566.0,111,1,1432.0,1,1432.0,111.0,2,1,4,214,At Risk (High Value)
14567.0,57,2,1530.36,2,1530.36,57.0,3,3,4,334,Others
14569.0,2,1,227.39,1,227.39,2.0,5,1,1,511,New Customers
14570.0,281,2,218.06,2,218.06,281.0,1,3,1,131,Others
14572.0,4,7,2832.84,7,2832.84,4.0,5,5,5,555,Champions
14573.0,180,9,1653.42,9,1653.42,180.0,2,5,4,254,At Risk (High Frequency)
14576.0,373,1,35.4,1,35.4,369.6300000000001,1,1,1,111,Hibernating
14577.0,13,4,859.71,4,859.71,13.0,5,4,3,543,Loyal Customers
14578.0,4,1,168.63,1,168.63,4.0,5,1,1,511,New Customers
14581.0,17,1,138.6,1,138.6,17.0,4,1,1,411,Others
14582.0,41,1,114.11,1,114.11,41.0,3,1,1,311,Potential Loyalists
14583.0,6,5,1052.55,5,1052.55,6.0,5,4,4,544,Champions
14584.0,170,4,1042.26,4,1042.26,170.0,2,4,4,244,At Risk (High Frequency)
14585.0,51,1,157.05,1,157.05,51.0,3,1,1,311,Potential Loyalists
14586.0,277,1,237.36,1,237.36,277.0,1,1,1,111,Hibernating
14587.0,19,9,1601.14,9,1601.14,19.0,4,5,4,454,Champions
14589.0,372,1,39.75,1,39.75,369.6300000000001,1,1,1,111,Hibernating
14591.0,16,4,1447.14,4,1447.14,16.0,4,4,4,444,Champions
14592.0,36,3,570.46,3,570.46,36.0,3,3,3,333,Others
14593.0,22,3,617.99,3,617.99,22.0,4,3,3,433,Loyal Customers
14594.0,8,2,379.83,2,379.83,8.0,5,3,2,532,Others
14595.0,20,6,1740.6,6,1740.6,20.0,4,5,4,454,Champions
14597.0,12,2,883.15,2,883.15,12.0,5,3,3,533,Loyal Customers
14598.0,45,1,221.97,1,221.97,45.0,3,1,1,311,Potential Loyalists
14600.0,306,1,393.33,1,393.33,306.0,1,1,2,112,Hibernating
14601.0,11,1,213.96,1,213.96,11.0,5,1,1,511,New Customers
14603.0,275,1,660.0,1,660.0,275.0,1,1,3,113,Others
14606.0,2,93,12156.65,30,12156.65,2.0,5,5,5,555,Champions
14607.0,16,14,16569.5,14,16569.5,16.0,4,5,5,455,Champions
14608.0,5,4,1785.15,4,1785.15,5.0,5,4,4,544,Champions
14609.0,73,4,601.56,4,601.56,73.0,2,4,3,243,At Risk (High Frequency)
14616.0,243,3,406.08,3,406.08,243.0,1,3,2,132,Others
14618.0,10,3,553.44,3,553.44,10.0,5,3,3,533,Loyal Customers
14619.0,246,1,394.44,1,394.44,246.0,1,1,2,112,Hibernating
14620.0,206,2,412.78,2,412.78,206.0,1,3,2,132,Others
14621.0,2,5,1788.36,5,1788.36,2.0,5,4,4,544,Champions
14622.0,185,1,320.58,1,320.58,185.0,1,1,2,112,Hibernating
14623.0,33,5,889.25,5,889.25,33.0,4,4,3,443,Loyal Customers
14624.0,58,2,225.85,2,225.85,58.0,3,3,1,331,Others
14625.0,197,2,899.63,2,899.63,197.0,1,3,3,133,Others
14626.0,24,4,2791.27,4,2791.27,24.0,4,4,5,445,Champions
14628.0,92,2,671.96,2,671.96,92.0,2,3,3,233,Others
14629.0,5,2,959.01,2,959.01,5.0,5,3,4,534,Loyal Customers
14631.0,51,3,1006.98,3,1006.98,51.0,3,3,4,334,Others
14632.0,263,1,114.56,1,114.56,263.0,1,1,1,111,Hibernating
14633.0,267,1,344.9,1,344.9,267.0,1,1,2,112,Hibernating
14636.0,37,2,609.85,2,609.85,37.0,3,3,3,333,Others
14638.0,51,1,443.6,1,443.6,51.0,3,1,2,312,Potential Loyalists
14639.0,53,6,2984.49,6,2984.49,53.0,3,5,5,355,Others
14640.0,25,6,2125.08,6,2125.08,25.0,4,5,5,455,Champions
14641.0,22,1,110.46,1,110.46,22.0,4,1,1,411,Others
14642.0,59,1,96.12,1,96.12,59.0,3,1,1,311,Potential Loyalists
14643.0,171,2,693.81,2,693.81,171.0,2,3,3,233,Others
14644.0,68,2,830.76,2,830.76,68.0,3,3,3,333,Others
14645.0,157,2,597.09,2,597.09,157.0,2,3,3,233,Others
14646.0,2,73,280206.02,30,19880.99570000001,2.0,5,5,5,555,Champions
14647.0,202,1,243.22,1,243.22,202.0,1,1,1,111,Hibernating
14649.0,5,4,1417.29,4,1417.29,5.0,5,4,4,544,Champions
14651.0,68,2,654.6,2,654.6,68.0,3,3,3,333,Others
14652.0,78,1,114.18,1,114.18,78.0,2,1,1,211,Hibernating
14653.0,2,7,1947.55,7,1947.55,2.0,5,5,4,554,Champions
14655.0,9,4,1932.23,4,1932.23,9.0,5,4,4,544,Champions
14656.0,170,2,291.05,2,291.05,170.0,2,3,2,232,Others
14657.0,18,4,848.22,4,848.22,18.0,4,4,3,443,Loyal Customers
14658.0,6,2,247.15,2,247.15,6.0,5,3,1,531,Others
14659.0,9,9,2529.93,9,2529.93,9.0,5,5,5,555,Champions
14660.0,87,2,285.74,2,285.74,87.0,2,3,2,232,Others
14661.0,27,1,107.95,1,107.95,27.0,4,1,1,411,Others
14662.0,29,4,771.17,4,771.17,29.0,4,4,3,443,Loyal Customers
14664.0,20,2,637.89,2,637.89,20.0,4,3,3,433,Loyal Customers
14665.0,61,5,1835.7,5,1835.7,61.0,3,4,4,344,Others
14666.0,25,1,195.25,1,195.25,25.0,4,1,1,411,Others
14667.0,11,25,9241.2,25,9241.2,11.0,5,5,5,555,Champions
14669.0,242,3,1269.99,3,1269.99,242.0,1,3,4,134,At Risk (High Value)
14670.0,281,2,411.53,2,411.53,281.0,1,3,2,132,Others
14672.0,235,2,765.55,2,765.55,235.0,1,3,3,133,Others
14673.0,4,5,1736.4,5,1736.4,4.0,5,4,4,544,Champions
14675.0,17,1,604.75,1,604.75,17.0,4,1,3,413,Others
14676.0,32,6,2548.24,6,2548.24,32.0,4,5,5,455,Champions
14680.0,26,16,28754.11,16,19880.99570000001,26.0,4,5,5,455,Champions
14681.0,72,3,498.95,3,498.95,72.0,3,3,3,333,Others
14682.0,188,2,52.0,2,52.0,188.0,1,3,1,131,Others
14684.0,26,5,1236.28,5,1236.28,26.0,4,4,4,444,Champions
14687.0,107,1,628.38,1,628.38,107.0,2,1,3,213,Others
14688.0,8,21,5630.87,21,5630.87,8.0,5,5,5,555,Champions
14689.0,209,1,112.8,1,112.8,209.0,1,1,1,111,Hibernating
14690.0,45,2,371.7,2,371.7,45.0,3,3,2,332,Others
14691.0,31,5,2114.33,5,2114.33,31.0,4,4,5,445,Champions
14692.0,138,4,591.55,4,591.55,138.0,2,4,3,243,At Risk (High Frequency)
14693.0,265,1,172.9,1,172.9,265.0,1,1,1,111,Hibernating
14696.0,5,7,2078.95,7,2078.95,5.0,5,5,5,555,Champions
14697.0,219,2,188.61,2,188.61,219.0,1,3,1,131,Others
14698.0,2,5,1250.76,5,1250.76,2.0,5,4,4,544,Champions
14699.0,215,1,109.13,1,109.13,215.0,1,1,1,111,Hibernating
14700.0,33,3,2235.3,3,2235.3,33.0,4,3,5,435,Loyal Customers
14701.0,11,9,2549.37,9,2549.37,11.0,5,5,5,555,Champions
14702.0,2,17,3292.14,17,3292.14,2.0,5,5,5,555,Champions
14703.0,15,1,318.17,1,318.17,15.0,4,1,2,412,Others
14704.0,12,9,1546.91,9,1546.91,12.0,5,5,4,554,Champions
14705.0,199,1,179.0,1,179.0,199.0,1,1,1,111,Hibernating
14708.0,3,3,1126.37,3,1126.37,3.0,5,3,4,534,Loyal Customers
14709.0,16,13,4921.04,13,4921.04,16.0,4,5,5,455,Champions
14710.0,15,4,606.13,4,606.13,15.0,4,4,3,443,Loyal Customers
14711.0,11,11,2868.8,11,2868.8,11.0,5,5,5,555,Champions
14712.0,30,3,917.07,3,917.07,30.0,4,3,3,433,Loyal Customers
14713.0,10,11,2666.36,11,2666.36,10.0,5,5,5,555,Champions
14714.0,25,1,160.19,1,160.19,25.0,4,1,1,411,Others
14715.0,25,4,867.38,4,867.38,25.0,4,4,3,443,Loyal Customers
14716.0,44,2,329.68,2,329.68,44.0,3,3,2,332,Others
14719.0,2,5,1602.13,5,1602.13,2.0,5,4,4,544,Champions
14720.0,6,3,663.81,3,663.81,6.0,5,3,3,533,Loyal Customers
14722.0,148,1,187.92,1,187.92,148.0,2,1,1,211,Hibernating
14723.0,11,6,1158.3,6,1158.3,11.0,5,5,4,554,Champions
14725.0,25,1,718.08,1,718.08,25.0,4,1,3,413,Others
14727.0,275,1,268.58,1,268.58,275.0,1,1,2,112,Hibernating
14729.0,374,1,313.49,1,313.49,369.6300000000001,1,1,2,112,Hibernating
14730.0,2,8,2005.06,8,2005.06,2.0,5,5,4,554,Champions
14731.0,48,3,380.02,3,380.02,48.0,3,3,2,332,Others
14732.0,9,8,2702.49,8,2702.49,9.0,5,5,5,555,Champions
14733.0,17,12,9585.91,12,9585.91,17.0,4,5,5,455,Champions
14735.0,4,32,6065.69,30,6065.69,4.0,5,5,5,555,Champions
14737.0,4,3,1164.55,3,1164.55,4.0,5,3,4,534,Loyal Customers
14738.0,43,7,1314.45,7,1314.45,43.0,3,5,4,354,Others
14739.0,5,7,3902.28,7,3902.28,5.0,5,5,5,555,Champions
14740.0,198,3,1448.21,3,1448.21,198.0,1,3,4,134,At Risk (High Value)
14741.0,12,6,1400.34,6,1400.34,12.0,5,5,4,554,Champions
14744.0,17,7,1099.98,7,1099.98,17.0,4,5,4,454,Champions
14745.0,113,5,1220.26,5,1220.26,113.0,2,4,4,244,At Risk (High Frequency)
14747.0,250,1,328.2,1,328.2,250.0,1,1,2,112,Hibernating
14748.0,30,5,1415.75,5,1415.75,30.0,4,4,4,444,Champions
14752.0,44,1,389.64,1,389.64,44.0,3,1,2,312,Potential Loyalists
14753.0,88,1,563.15,1,563.15,88.0,2,1,3,213,Others
14754.0,45,2,638.05,2,638.05,45.0,3,3,3,333,Others
14755.0,10,11,5010.28,11,5010.28,10.0,5,5,5,555,Champions
14756.0,16,1,738.96,1,738.96,16.0,4,1,3,413,Others
14757.0,76,1,420.5,1,420.5,76.0,2,1,2,212,Hibernating
14758.0,145,4,1484.06,4,1484.06,145.0,2,4,4,244,At Risk (High Frequency)
14759.0,5,3,1625.97,3,1625.97,5.0,5,3,4,534,Loyal Customers
14760.0,298,1,89.2,1,89.2,298.0,1,1,1,111,Hibernating
14761.0,59,2,255.9,2,255.9,59.0,3,3,2,332,Others
14762.0,264,1,300.52,1,300.52,264.0,1,1,2,112,Hibernating
14764.0,47,1,278.3,1,278.3,47.0,3,1,2,312,Potential Loyalists
14765.0,30,3,254.11,3,254.11,30.0,4,3,2,432,Others
14766.0,9,6,2473.37,6,2473.37,9.0,5,5,5,555,Champions
14768.0,18,2,192.6,2,192.6,18.0,4,3,1,431,Others
14769.0,3,8,10674.75,8,10674.75,3.0,5,5,5,555,Champions
14770.0,233,2,876.42,2,876.42,233.0,1,3,3,133,Others
14772.0,113,1,139.26,1,139.26,113.0,2,1,1,211,Hibernating
14775.0,59,3,1011.9,3,1011.9,59.0,3,3,4,334,Others
14776.0,52,11,2538.3,11,2538.3,52.0,3,5,5,355,Others
14778.0,128,2,730.86,2,730.86,128.0,2,3,3,233,Others
14779.0,281,3,386.15,3,386.15,281.0,1,3,2,132,Others
14780.0,55,2,447.68,2,447.68,55.0,3,3,2,332,Others
14782.0,320,1,200.1,1,200.1,320.0,1,1,1,111,Hibernating
14784.0,27,2,289.99,2,289.99,27.0,4,3,2,432,Others
14785.0,11,2,77.4,2,77.4,11.0,5,3,1,531,Others
14788.0,8,2,679.44,2,679.44,8.0,5,3,3,533,Loyal Customers
14789.0,29,1,197.64,1,197.64,29.0,4,1,1,411,Others
14790.0,17,4,745.06,4,745.06,17.0,4,4,3,443,Loyal Customers
14792.0,64,1,6.2,1,6.2,64.0,3,1,1,311,Potential Loyalists
14793.0,22,1,228.99,1,228.99,22.0,4,1,1,411,Others
14794.0,3,7,1319.91,7,1319.91,3.0,5,5,4,554,Champions
14795.0,167,1,131.45,1,131.45,167.0,2,1,1,211,Hibernating
14796.0,2,17,8022.49,17,8022.49,2.0,5,5,5,555,Champions
14798.0,53,3,173.74,3,173.74,53.0,3,3,1,331,Others
14799.0,52,1,157.7,1,157.7,52.0,3,1,1,311,Potential Loyalists
14800.0,48,12,4339.74,12,4339.74,48.0,3,5,5,355,Others
14801.0,62,1,193.14,1,193.14,62.0,3,1,1,311,Potential Loyalists
14803.0,163,3,845.55,3,845.55,163.0,2,3,3,233,Others
14804.0,9,1,353.27,1,353.27,9.0,5,1,2,512,New Customers
14805.0,16,4,554.65,4,554.65,16.0,4,4,3,443,Loyal Customers
14806.0,76,1,193.39,1,193.39,76.0,2,1,1,211,Hibernating
14808.0,40,8,2741.17,8,2741.17,40.0,3,5,5,355,Others
14810.0,41,11,2087.88,11,2087.88,41.0,3,5,5,355,Others
14813.0,370,2,155.43,2,155.43,369.6300000000001,1,3,1,131,Others
14815.0,37,2,778.5,2,778.5,37.0,3,3,3,333,Others
14816.0,198,1,271.85,1,271.85,198.0,1,1,2,112,Hibernating
14817.0,201,2,1110.34,2,1110.34,201.0,1,3,4,134,At Risk (High Value)
14818.0,74,3,657.8,3,657.8,74.0,2,3,3,233,Others
14819.0,65,2,272.07,2,272.07,65.0,3,3,2,332,Others
14820.0,22,4,507.29,4,507.29,22.0,4,4,3,443,Loyal Customers
14821.0,367,1,48.8,1,48.8,367.0,1,1,1,111,Hibernating
14823.0,181,3,321.43,3,321.43,181.0,1,3,2,132,Others
14824.0,11,4,1127.71,4,1127.71,11.0,5,4,4,544,Champions
14825.0,4,12,2226.91,12,2226.91,4.0,5,5,5,555,Champions
14828.0,197,3,2139.76,3,2139.76,197.0,1,3,5,135,At Risk (High Value)
14829.0,30,4,697.55,4,697.55,30.0,4,4,3,443,Loyal Customers
14830.0,54,1,197.13,1,197.13,54.0,3,1,1,311,Potential Loyalists
14834.0,18,6,1720.3,6,1720.3,18.0,4,5,4,454,Champions
14836.0,11,3,102.45,3,102.45,11.0,5,3,1,531,Others
14837.0,90,4,1649.5,4,1649.5,90.0,2,4,4,244,At Risk (High Frequency)
14840.0,268,1,62.85,1,62.85,268.0,1,1,1,111,Hibernating
14841.0,54,6,3295.76,6,3295.76,54.0,3,5,5,355,Others
14842.0,44,4,2824.69,4,2824.69,44.0,3,4,5,345,Others
14844.0,64,4,3189.81,4,3189.81,64.0,3,4,5,345,Others
14847.0,149,1,309.4,1,309.4,149.0,2,1,2,212,Hibernating
14849.0,22,25,7930.54,25,7930.54,22.0,4,5,5,455,Champions
14850.0,312,1,325.75,1,325.75,312.0,1,1,2,112,Hibernating
14851.0,24,2,511.35,2,511.35,24.0,4,3,3,433,Loyal Customers
14852.0,59,6,2836.69,6,2836.69,59.0,3,5,5,355,Others
14853.0,25,2,475.8,2,475.8,25.0,4,3,2,432,Others
14854.0,79,7,2759.83,7,2759.83,79.0,2,5,5,255,At Risk (High Frequency)
14855.0,120,2,645.65,2,645.65,120.0,2,3,3,233,Others
14856.0,37,3,1311.38,3,1311.38,37.0,3,3,4,334,Others
14857.0,60,2,1173.12,2,1173.12,60.0,3,3,4,334,Others
14859.0,13,4,1353.74,4,1353.74,13.0,5,4,4,544,Champions
14860.0,20,1,170.32,1,170.32,20.0,4,1,1,411,Others
14861.0,53,1,125.79,1,125.79,53.0,3,1,1,311,Potential Loyalists
14862.0,26,2,841.2,2,841.2,26.0,4,3,3,433,Loyal Customers
14863.0,30,1,266.76,1,266.76,30.0,4,1,2,412,Others
14865.0,8,2,52.2,2,52.2,8.0,5,3,1,531,Others
14866.0,11,12,14389.9,12,14389.9,11.0,5,5,5,555,Champions
14867.0,186,3,710.28,3,710.28,186.0,1,3,3,133,Others
14868.0,4,8,2953.59,8,2953.59,4.0,5,5,5,555,Champions
14869.0,9,2,725.7,2,725.7,9.0,5,3,3,533,Loyal Customers
14870.0,262,1,327.25,1,327.25,262.0,1,1,2,112,Hibernating
14871.0,4,4,522.38,4,522.38,4.0,5,4,3,543,Loyal Customers
14873.0,211,1,519.68,1,519.68,211.0,1,1,3,113,Others
14875.0,108,2,1465.32,2,1465.32,108.0,2,3,4,234,At Risk (High Value)
14878.0,13,9,1485.54,9,1485.54,13.0,5,5,4,554,Champions
14880.0,78,3,706.19,3,706.19,78.0,2,3,3,233,Others
14881.0,20,1,255.4,1,255.4,20.0,4,1,2,412,Others
14882.0,27,2,589.7,2,589.7,27.0,4,3,3,433,Loyal Customers
14883.0,19,6,761.59,6,761.59,19.0,4,5,3,453,Loyal Customers
14885.0,132,1,765.32,1,765.32,132.0,2,1,3,213,Others
14886.0,253,1,364.8,1,364.8,253.0,1,1,2,112,Hibernating
14887.0,80,1,1862.0,1,1862.0,80.0,2,1,4,214,At Risk (High Value)
14888.0,208,1,369.2,1,369.2,208.0,1,1,2,112,Hibernating
14889.0,337,1,135.9,1,135.9,337.0,1,1,1,111,Hibernating
14890.0,254,1,125.65,1,125.65,254.0,1,1,1,111,Hibernating
14891.0,149,2,554.38,2,554.38,149.0,2,3,3,233,Others
14893.0,10,2,1237.85,2,1237.85,10.0,5,3,4,534,Loyal Customers
14894.0,86,1,655.75,1,655.75,86.0,2,1,3,213,Others
14895.0,8,20,11138.71,20,11138.71,8.0,5,5,5,555,Champions
14896.0,205,2,468.77,2,468.77,205.0,1,3,2,132,Others
14897.0,8,4,1366.38,4,1366.38,8.0,5,4,4,544,Champions
14898.0,24,6,1303.52,6,1303.52,24.0,4,5,4,454,Champions
14901.0,12,9,1421.29,9,1421.29,12.0,5,5,4,554,Champions
14902.0,26,1,332.66,1,332.66,26.0,4,1,2,412,Others
14903.0,22,5,2810.63,5,2810.63,22.0,4,4,5,445,Champions
14904.0,3,2,1025.44,2,1025.44,3.0,5,3,4,534,Loyal Customers
14905.0,158,2,616.15,2,616.15,158.0,2,3,3,233,Others
14907.0,4,7,3501.1,7,3501.1,4.0,5,5,5,555,Champions
14908.0,75,1,277.8,1,277.8,75.0,2,1,2,212,Hibernating
14910.0,3,4,434.35,4,434.35,3.0,5,4,2,542,Others
14911.0,2,201,143825.06,30,19880.99570000001,2.0,5,5,5,555,Champions
14912.0,17,2,867.85,2,867.85,17.0,4,3,3,433,Loyal Customers
14913.0,36,4,1227.43,4,1227.43,36.0,3,4,4,344,Others
14915.0,92,2,307.48,2,307.48,92.0,2,3,2,232,Others
14916.0,71,4,1268.98,4,1268.98,71.0,3,4,4,344,Others
14918.0,116,2,1610.15,2,1610.15,116.0,2,3,4,234,At Risk (High Value)
14920.0,213,2,977.77,2,977.77,213.0,1,3,4,134,At Risk (High Value)
14921.0,31,2,1316.07,2,1316.07,31.0,4,3,4,434,Loyal Customers
14923.0,51,1,749.1,1,749.1,51.0,3,1,3,313,Potential Loyalists
14924.0,246,1,310.05,1,310.05,246.0,1,1,2,112,Hibernating
14929.0,33,1,223.88,1,223.88,33.0,4,1,1,411,Others
14930.0,109,3,2372.86,3,2372.86,109.0,2,3,5,235,At Risk (High Value)
14931.0,5,5,1257.68,5,1257.68,5.0,5,4,4,544,Champions
14932.0,366,1,363.53,1,363.53,366.0,1,1,2,112,Hibernating
14934.0,82,2,1890.94,2,1890.94,82.0,2,3,4,234,At Risk (High Value)
14935.0,298,1,1784.71,1,1784.71,298.0,1,1,4,114,At Risk (High Value)
14936.0,34,8,8137.02,8,8137.02,34.0,3,5,5,355,Others
14937.0,57,3,1621.88,3,1621.88,57.0,3,3,4,334,Others
14944.0,30,12,5900.25,12,5900.25,30.0,4,5,5,455,Champions
14946.0,15,1,100.9,1,100.9,15.0,4,1,1,411,Others
14947.0,73,2,290.82,2,290.82,73.0,2,3,2,232,Others
14948.0,24,6,1101.97,6,1101.97,24.0,4,5,4,454,Champions
14950.0,20,1,371.2,1,371.2,20.0,4,1,2,412,Others
14951.0,80,1,311.69,1,311.69,80.0,2,1,2,212,Hibernating
14952.0,60,11,8099.49,11,8099.49,60.0,3,5,5,355,Others
14953.0,26,1,289.82,1,289.82,26.0,4,1,2,412,Others
14954.0,13,1,336.17,1,336.17,13.0,5,1,2,512,New Customers
14957.0,254,1,58.49,1,58.49,254.0,1,1,1,111,Hibernating
14958.0,148,3,499.68,3,499.68,148.0,2,3,3,233,Others
14959.0,65,4,695.42,4,695.42,65.0,3,4,3,343,Others
14960.0,9,2,221.27,2,221.27,9.0,5,3,1,531,Others
14961.0,11,9,7044.68,9,7044.68,11.0,5,5,5,555,Champions
14962.0,271,1,126.7,1,126.7,271.0,1,1,1,111,Hibernating
14963.0,10,5,1487.8,5,1487.8,10.0,5,4,4,544,Champions
14964.0,248,1,206.21,1,206.21,248.0,1,1,1,111,Hibernating
14965.0,97,2,599.0,2,599.0,97.0,2,3,3,233,Others
14966.0,15,1,191.32,1,191.32,15.0,4,1,1,411,Others
14967.0,50,1,463.8,1,463.8,50.0,3,1,2,312,Potential Loyalists
14968.0,31,1,147.59,1,147.59,31.0,4,1,1,411,Others
14970.0,69,4,1592.06,4,1592.06,69.0,3,4,4,344,Others
14971.0,36,3,1116.57,3,1116.57,36.0,3,3,4,334,Others
14972.0,129,1,114.77,1,114.77,129.0,2,1,1,211,Hibernating
14973.0,108,3,1314.45,3,1314.45,108.0,2,3,4,234,At Risk (High Value)
14974.0,38,1,114.39,1,114.39,38.0,3,1,1,311,Potential Loyalists
14975.0,58,1,279.94,1,279.94,58.0,3,1,2,312,Potential Loyalists
14976.0,58,7,790.86,7,790.86,58.0,3,5,3,353,Others
14978.0,73,5,1931.42,5,1931.42,73.0,2,4,4,244,At Risk (High Frequency)
14981.0,247,1,102.12,1,102.12,247.0,1,1,1,111,Hibernating
14984.0,20,2,213.27,2,213.27,20.0,4,3,1,431,Others
14985.0,199,2,296.75,2,296.75,199.0,1,3,2,132,Others
14987.0,16,2,326.4,2,326.4,16.0,4,3,2,432,Others
14988.0,212,1,334.54,1,334.54,212.0,1,1,2,112,Hibernating
14995.0,39,2,233.23,2,233.23,39.0,3,3,1,331,Others
14997.0,47,3,546.2,3,546.2,47.0,3,3,3,333,Others
14998.0,171,2,429.87,2,429.87,171.0,2,3,2,232,Others
15000.0,48,1,490.52,1,490.52,48.0,3,1,3,313,Potential Loyalists
15002.0,116,4,1641.76,4,1641.76,116.0,2,4,4,244,At Risk (High Frequency)
15004.0,148,1,1246.32,1,1246.32,148.0,2,1,4,214,At Risk (High Value)
15005.0,16,28,6316.57,28,6316.57,16.0,4,5,5,455,Champions
15006.0,52,1,502.09,1,502.09,52.0,3,1,3,313,Potential Loyalists
15007.0,160,1,156.91,1,156.91,160.0,2,1,1,211,Hibernating
15009.0,13,3,1261.78,3,1261.78,13.0,5,3,4,534,Loyal Customers
15010.0,36,1,308.94,1,308.94,36.0,3,1,2,312,Potential Loyalists
15012.0,54,2,423.04,2,423.04,54.0,3,3,2,332,Others
15014.0,44,2,260.17,2,260.17,44.0,3,3,2,332,Others
15016.0,173,1,170.04,1,170.04,173.0,2,1,1,211,Hibernating
15017.0,34,1,125.58,1,125.58,34.0,3,1,1,311,Potential Loyalists
15018.0,39,3,496.21,3,496.21,39.0,3,3,3,333,Others
15019.0,267,1,266.0,1,266.0,267.0,1,1,2,112,Hibernating
15021.0,9,9,1914.82,9,1914.82,9.0,5,5,4,554,Champions
15022.0,12,4,905.04,4,905.04,12.0,5,4,3,543,Loyal Customers
15023.0,4,11,6802.76,11,6802.76,4.0,5,5,5,555,Champions
15024.0,10,10,1661.33,10,1661.33,10.0,5,5,4,554,Champions
15025.0,34,1,377.01,1,377.01,34.0,3,1,2,312,Potential Loyalists
15026.0,81,3,469.0,3,469.0,81.0,2,3,2,232,Others
15027.0,31,4,1066.15,4,1066.15,31.0,4,4,4,444,Champions
15028.0,9,4,627.13,4,627.13,9.0,5,4,3,543,Loyal Customers
15030.0,72,2,518.28,2,518.28,72.0,3,3,3,333,Others
15031.0,5,4,668.14,4,668.14,5.0,5,4,3,543,Loyal Customers
15032.0,257,3,4959.1,3,4959.1,257.0,1,3,5,135,At Risk (High Value)
15033.0,5,10,2586.67,10,2586.67,5.0,5,5,5,555,Champions
15034.0,16,8,4308.61,8,4308.61,16.0,4,5,5,455,Champions
15035.0,90,1,252.73,1,252.73,90.0,2,1,2,212,Hibernating
15036.0,73,3,465.55,3,465.55,73.0,2,3,2,232,Others
15038.0,59,6,705.49,6,705.49,59.0,3,5,3,353,Others
15039.0,10,47,19914.44,30,19880.99570000001,10.0,5,5,5,555,Champions
15041.0,171,1,180.35,1,180.35,171.0,2,1,1,211,Hibernating
15042.0,200,1,135.93,1,135.93,200.0,1,1,1,111,Hibernating
15043.0,32,1,537.0,1,537.0,32.0,4,1,3,413,Others
15044.0,20,17,7700.23,17,7700.23,20.0,4,5,5,455,Champions
15045.0,152,2,735.66,2,735.66,152.0,2,3,3,233,Others
15046.0,10,15,5213.77,15,5213.77,10.0,5,5,5,555,Champions
15047.0,270,1,343.62,1,343.62,270.0,1,1,2,112,Hibernating
15048.0,66,4,384.05,4,384.05,66.0,3,4,2,342,Others
15049.0,274,1,121.17,1,121.17,274.0,1,1,1,111,Hibernating
15050.0,26,3,1782.09,3,1782.09,26.0,4,3,4,434,Loyal Customers
15051.0,24,3,1391.61,3,1391.61,24.0,4,3,4,434,Loyal Customers
15052.0,320,1,215.78,1,215.78,320.0,1,1,1,111,Hibernating
15053.0,5,3,697.79,3,697.79,5.0,5,3,3,533,Loyal Customers
15054.0,13,2,302.1,2,302.1,13.0,5,3,2,532,Others
15057.0,276,2,1489.5,2,1489.5,276.0,1,3,4,134,At Risk (High Value)
15058.0,26,11,2124.99,11,2124.99,26.0,4,5,5,455,Champions
15059.0,41,9,1337.72,9,1337.72,41.0,3,5,4,354,Others
15060.0,9,4,303.09,4,303.09,9.0,5,4,2,542,Others
15061.0,4,48,54534.14,30,19880.99570000001,4.0,5,5,5,555,Champions
15062.0,72,4,987.86,4,987.86,72.0,3,4,4,344,Others
15063.0,214,1,370.8,1,370.8,214.0,1,1,2,112,Hibernating
15065.0,38,4,3158.13,4,3158.13,38.0,3,4,5,345,Others
15066.0,54,1,893.59,1,893.59,54.0,3,1,3,313,Potential Loyalists
15067.0,79,3,1744.76,3,1744.76,79.0,2,3,4,234,At Risk (High Value)
15068.0,47,2,553.36,2,553.36,47.0,3,3,3,333,Others
15069.0,180,1,1109.53,1,1109.53,180.0,2,1,4,214,At Risk (High Value)
15070.0,373,1,106.2,1,106.2,369.6300000000001,1,1,1,111,Hibernating
15071.0,94,2,982.07,2,982.07,94.0,2,3,4,234,At Risk (High Value)
15073.0,10,3,1043.41,3,1043.41,10.0,5,3,4,534,Loyal Customers
15074.0,106,1,748.87,1,748.87,106.0,2,1,3,213,Others
15075.0,78,1,773.03,1,773.03,78.0,2,1,3,213,Others
15076.0,173,1,880.85,1,880.85,173.0,2,1,3,213,Others
15078.0,8,32,9743.11,30,9743.11,8.0,5,5,5,555,Champions
15079.0,213,4,895.61,4,895.61,213.0,1,4,3,143,At Risk (High Frequency)
15081.0,23,5,504.8,5,504.8,23.0,4,4,3,443,Loyal Customers
15083.0,257,1,88.2,1,88.2,257.0,1,1,1,111,Hibernating
15087.0,282,1,306.94,1,306.94,282.0,1,1,2,112,Hibernating
15088.0,22,2,1160.07,2,1160.07,22.0,4,3,4,434,Loyal Customers
15089.0,11,6,2420.84,6,2420.84,11.0,5,5,5,555,Champions
15090.0,309,1,381.32,1,381.32,309.0,1,1,2,112,Hibernating
15091.0,68,1,480.71,1,480.71,68.0,3,1,2,312,Potential Loyalists
15092.0,216,2,457.81,2,457.81,216.0,1,3,2,132,Others
15093.0,19,6,4597.02,6,4597.02,19.0,4,5,5,455,Champions
15095.0,104,4,1370.6,4,1370.6,104.0,2,4,4,244,At Risk (High Frequency)
15096.0,43,1,219.39,1,219.39,43.0,3,1,1,311,Potential Loyalists
15097.0,5,1,248.08,1,248.08,5.0,5,1,1,511,New Customers
15098.0,183,3,39916.5,3,19880.99570000001,183.0,1,3,5,135,At Risk (High Value)
15099.0,85,1,410.48,1,410.48,85.0,2,1,2,212,Hibernating
15100.0,334,3,876.0,3,876.0,334.0,1,3,3,133,Others
15101.0,9,2,317.53,2,317.53,9.0,5,3,2,532,Others
15103.0,32,2,703.36,2,703.36,32.0,4,3,3,433,Loyal Customers
15104.0,197,2,1027.44,2,1027.44,197.0,1,3,4,134,At Risk (High Value)
15105.0,19,7,2298.93,7,2298.93,19.0,4,5,5,455,Champions
15106.0,18,5,1422.52,5,1422.52,18.0,4,4,4,444,Champions
15107.0,312,6,319.5,6,319.5,312.0,1,5,2,152,At Risk (High Frequency)
15108.0,142,4,1300.25,4,1300.25,142.0,2,4,4,244,At Risk (High Frequency)
15109.0,246,1,484.95,1,484.95,246.0,1,1,2,112,Hibernating
15110.0,24,4,996.1,4,996.1,24.0,4,4,4,444,Champions
15111.0,30,3,1567.48,3,1567.48,30.0,4,3,4,434,Loyal Customers
15113.0,10,3,3609.33,3,3609.33,10.0,5,3,5,535,Loyal Customers
15114.0,31,10,2760.56,10,2760.56,31.0,4,5,5,455,Champions
15115.0,19,1,340.11,1,340.11,19.0,4,1,2,412,Others
15116.0,18,4,1352.75,4,1352.75,18.0,4,4,4,444,Champions
15117.0,15,5,1551.78,5,1551.78,15.0,4,4,4,444,Champions
15118.0,135,1,244.8,1,244.8,135.0,2,1,1,211,Hibernating
15119.0,246,1,266.4,1,266.4,246.0,1,1,2,112,Hibernating
15120.0,134,1,358.82,1,358.82,134.0,2,1,2,212,Hibernating
15121.0,51,2,457.72,2,457.72,51.0,3,3,2,332,Others
15122.0,115,3,1633.78,3,1633.78,115.0,2,3,4,234,At Risk (High Value)
15123.0,8,2,2199.31,2,2199.31,8.0,5,3,5,535,Loyal Customers
15124.0,23,2,184.19,2,184.19,23.0,4,3,1,431,Others
15125.0,26,15,11528.48,15,11528.48,26.0,4,5,5,455,Champions
15127.0,66,1,406.53,1,406.53,66.0,3,1,2,312,Potential Loyalists
15128.0,61,4,1471.0,4,1471.0,61.0,3,4,4,344,Others
15129.0,51,11,3447.4,11,3447.4,51.0,3,5,5,355,Others
15130.0,170,1,330.11,1,330.11,170.0,2,1,2,212,Hibernating
15132.0,19,5,977.93,5,977.93,19.0,4,4,4,444,Champions
15133.0,128,3,982.42,3,982.42,128.0,2,3,4,234,At Risk (High Value)
15134.0,15,8,1387.99,8,1387.99,15.0,4,5,4,454,Champions
15135.0,240,1,139.05,1,139.05,240.0,1,1,1,111,Hibernating
15136.0,3,4,1286.7,4,1286.7,3.0,5,4,4,544,Champions
15139.0,240,2,178.96,2,178.96,240.0,1,3,1,131,Others
15140.0,53,7,2354.25,7,2354.25,53.0,3,5,5,355,Others
15142.0,47,1,498.74,1,498.74,47.0,3,1,3,313,Potential Loyalists
15143.0,226,1,259.45,1,259.45,226.0,1,1,2,112,Hibernating
15144.0,9,17,6580.44,17,6580.44,9.0,5,5,5,555,Champions
15145.0,5,4,1194.73,4,1194.73,5.0,5,4,4,544,Champions
15146.0,165,2,1327.16,2,1327.16,165.0,2,3,4,234,At Risk (High Value)
15147.0,241,1,623.5,1,623.5,241.0,1,1,3,113,Others
15148.0,11,1,301.29,1,301.29,11.0,5,1,2,512,New Customers
15149.0,134,1,520.8,1,520.8,134.0,2,1,3,213,Others
15150.0,18,10,5314.47,10,5314.47,18.0,4,5,5,455,Champions
15152.0,10,13,4745.69,13,4745.69,10.0,5,5,5,555,Champions
15153.0,32,1,329.25,1,329.25,32.0,4,1,2,412,Others
15154.0,76,1,296.42,1,296.42,76.0,2,1,2,212,Hibernating
15156.0,2,3,961.49,3,961.49,2.0,5,3,4,534,Loyal Customers
15157.0,4,3,1936.07,3,1936.07,4.0,5,3,4,534,Loyal Customers
15158.0,46,1,401.4,1,401.4,46.0,3,1,2,312,Potential Loyalists
15159.0,2,30,18641.01,30,18641.01,2.0,5,5,5,555,Champions
15160.0,358,1,158.16,1,158.16,358.0,1,1,1,111,Hibernating
15163.0,19,2,304.47,2,304.47,19.0,4,3,2,432,Others
15164.0,69,3,843.05,3,843.05,69.0,3,3,3,333,Others
15165.0,374,1,487.75,1,487.75,369.6300000000001,1,1,2,112,Hibernating
15167.0,321,1,163.0,1,163.0,321.0,1,1,1,111,Hibernating
15168.0,26,1,106.56,1,106.56,26.0,4,1,1,411,Others
15171.0,332,1,1289.5,1,1289.5,332.0,1,1,4,114,At Risk (High Value)
15172.0,9,5,1624.05,5,1624.05,9.0,5,4,4,544,Champions
15174.0,323,1,135.75,1,135.75,323.0,1,1,1,111,Hibernating
15175.0,72,1,224.14,1,224.14,72.0,3,1,1,311,Potential Loyalists
15178.0,261,1,40.5,1,40.5,261.0,1,1,1,111,Hibernating
15179.0,19,5,2206.95,5,2206.95,19.0,4,4,5,445,Champions
15180.0,368,1,87.5,1,87.5,368.0,1,1,1,111,Hibernating
15181.0,67,3,689.48,3,689.48,67.0,3,3,3,333,Others
15182.0,155,2,622.85,2,622.85,155.0,2,3,3,233,Others
15184.0,30,2,406.76,2,406.76,30.0,4,3,2,432,Others
15185.0,71,1,310.62,1,310.62,71.0,3,1,2,312,Potential Loyalists
15186.0,15,2,411.41,2,411.41,15.0,4,3,2,432,Others
15187.0,2,16,4777.18,16,4777.18,2.0,5,5,5,555,Champions
15189.0,2,41,16225.39,30,16225.39,2.0,5,5,5,555,Champions
15192.0,120,3,1044.32,3,1044.32,120.0,2,3,4,234,At Risk (High Value)
15193.0,61,1,499.32,1,499.32,61.0,3,1,3,313,Potential Loyalists
15194.0,4,15,7616.53,15,7616.53,4.0,5,5,5,555,Champions
15195.0,3,1,3861.0,1,3861.0,3.0,5,1,5,515,New Customers
15197.0,11,3,1079.61,3,1079.61,11.0,5,3,4,534,Loyal Customers
15198.0,93,2,193.64,2,193.64,93.0,2,3,1,231,Others
15199.0,60,4,1268.7,4,1268.7,60.0,3,4,4,344,Others
15201.0,88,5,1236.54,5,1236.54,88.0,2,4,4,244,At Risk (High Frequency)
15203.0,26,6,1827.8,6,1827.8,26.0,4,5,4,454,Champions
15204.0,358,1,316.58,1,316.58,358.0,1,1,2,112,Hibernating
15205.0,86,2,653.24,2,653.24,86.0,2,3,3,233,Others
15206.0,11,4,420.3,4,420.3,11.0,5,4,2,542,Others
15208.0,2,5,870.12,5,870.12,2.0,5,4,3,543,Loyal Customers
15210.0,226,1,331.18,1,331.18,226.0,1,1,2,112,Hibernating
15211.0,61,2,894.41,2,894.41,61.0,3,3,3,333,Others
15212.0,242,1,101.8,1,101.8,242.0,1,1,1,111,Hibernating
15213.0,319,2,328.35,2,328.35,319.0,1,3,2,132,Others
15214.0,2,8,1661.44,8,1661.44,2.0,5,5,4,554,Champions
15215.0,47,3,734.94,3,734.94,47.0,3,3,3,333,Others
15216.0,88,1,96.6,1,96.6,88.0,2,1,1,211,Hibernating
15218.0,11,11,5756.89,11,5756.89,11.0,5,5,5,555,Champions
15219.0,177,1,305.75,1,305.75,177.0,2,1,2,212,Hibernating
15220.0,52,6,1778.96,6,1778.96,52.0,3,5,4,354,Others
15221.0,367,1,403.25,1,403.25,367.0,1,1,2,112,Hibernating
15222.0,319,1,585.0,1,585.0,319.0,1,1,3,113,Others
15223.0,226,2,755.75,2,755.75,226.0,1,3,3,133,Others
15224.0,359,2,322.08,2,322.08,359.0,1,3,2,132,Others
15225.0,235,1,409.4,1,409.4,235.0,1,1,2,112,Hibernating
15226.0,311,1,154.41,1,154.41,311.0,1,1,1,111,Hibernating
15227.0,37,5,1219.4,5,1219.4,37.0,3,4,4,344,Others
15228.0,67,4,3386.71,4,3386.71,67.0,3,4,5,345,Others
15230.0,240,2,429.6,2,429.6,240.0,1,3,2,132,Others
15232.0,114,2,612.06,2,612.06,114.0,2,3,3,233,Others
15234.0,277,1,197.0,1,197.0,277.0,1,1,1,111,Hibernating
15235.0,218,12,2247.51,12,2247.51,218.0,1,5,5,155,At Risk (High Frequency)
15236.0,299,1,321.05,1,321.05,299.0,1,1,2,112,Hibernating
15237.0,2,4,1412.32,4,1412.32,2.0,5,4,4,544,Champions
15238.0,30,3,1071.99,3,1071.99,30.0,4,3,4,434,Loyal Customers
15239.0,11,2,780.59,2,780.59,11.0,5,3,3,533,Loyal Customers
15240.0,45,5,1706.57,5,1706.57,45.0,3,4,4,344,Others
15241.0,67,8,1756.44,8,1756.44,67.0,3,5,4,354,Others
15243.0,75,1,316.68,1,316.68,75.0,2,1,2,212,Hibernating
15244.0,66,2,631.57,2,631.57,66.0,3,3,3,333,Others
15245.0,135,3,2515.84,3,2515.84,135.0,2,3,5,235,At Risk (High Value)
15246.0,239,2,514.15,2,514.15,239.0,1,3,3,133,Others
15247.0,123,1,356.0,1,356.0,123.0,2,1,2,212,Hibernating
15249.0,32,13,6688.46,13,6688.46,32.0,4,5,5,455,Champions
15251.0,10,11,10484.99,11,10484.99,10.0,5,5,5,555,Champions
15252.0,37,2,740.78,2,740.78,37.0,3,3,3,333,Others
15253.0,17,5,918.2,5,918.2,17.0,4,4,3,443,Loyal Customers
15254.0,128,1,300.36,1,300.36,128.0,2,1,2,212,Hibernating
15255.0,67,1,890.85,1,890.85,67.0,3,1,3,313,Potential Loyalists
15256.0,149,1,98.45,1,98.45,149.0,2,1,1,211,Hibernating
15257.0,284,1,317.15,1,317.15,284.0,1,1,2,112,Hibernating
15258.0,169,2,623.16,2,623.16,169.0,2,3,3,233,Others
15260.0,101,7,1810.77,7,1810.77,101.0,2,5,4,254,At Risk (High Frequency)
15261.0,136,1,254.82,1,254.82,136.0,2,1,2,212,Hibernating
15262.0,324,1,178.95,1,178.95,324.0,1,1,1,111,Hibernating
15263.0,107,1,156.51,1,156.51,107.0,2,1,1,211,Hibernating
15264.0,65,1,393.74,1,393.74,65.0,3,1,2,312,Potential Loyalists
15265.0,152,2,1506.12,2,1506.12,152.0,2,3,4,234,At Risk (High Value)
15266.0,339,1,119.3,1,119.3,339.0,1,1,1,111,Hibernating
15267.0,23,5,1717.36,5,1717.36,23.0,4,4,4,444,Champions
15269.0,24,1,408.8,1,408.8,24.0,4,1,2,412,Others
15270.0,16,7,2379.49,7,2379.49,16.0,4,5,5,455,Champions
15271.0,8,15,2507.07,15,2507.07,8.0,5,5,5,555,Champions
15272.0,58,2,721.94,2,721.94,58.0,3,3,3,333,Others
15274.0,5,2,716.57,2,716.57,5.0,5,3,3,533,Loyal Customers
15275.0,38,1,615.14,1,615.14,38.0,3,1,3,313,Potential Loyalists
15276.0,67,1,135.31,1,135.31,67.0,3,1,1,311,Potential Loyalists
15277.0,47,1,255.9,1,255.9,47.0,3,1,2,312,Potential Loyalists
15279.0,355,1,290.51,1,290.51,355.0,1,1,2,112,Hibernating
15280.0,173,1,113.12,1,113.12,173.0,2,1,1,211,Hibernating
15281.0,59,9,2332.15,9,2332.15,59.0,3,5,5,355,Others
15286.0,50,1,240.55,1,240.55,50.0,3,1,1,311,Potential Loyalists
15287.0,23,2,486.69,2,486.69,23.0,4,3,2,432,Others
15288.0,44,5,2306.52,5,2306.52,44.0,3,4,5,345,Others
15289.0,30,3,939.78,3,939.78,30.0,4,3,3,433,Loyal Customers
15290.0,5,18,7943.22,18,7943.22,5.0,5,5,5,555,Champions
15291.0,26,15,4668.3,15,4668.3,26.0,4,5,5,455,Champions
15292.0,202,1,180.94,1,180.94,202.0,1,1,1,111,Hibernating
15296.0,51,6,3672.86,6,3672.86,51.0,3,5,5,355,Others
15297.0,11,3,641.94,3,641.94,11.0,5,3,3,533,Loyal Customers
15298.0,3,12,4799.9,12,4799.9,3.0,5,5,5,555,Champions
15299.0,68,7,4507.01,7,4507.01,68.0,3,5,5,355,Others
15300.0,65,1,496.44,1,496.44,65.0,3,1,3,313,Potential Loyalists
15301.0,51,12,5070.35,12,5070.35,51.0,3,5,5,355,Others
15303.0,291,1,574.02,1,574.02,291.0,1,1,3,113,Others
15304.0,61,8,694.4,8,694.4,61.0,3,5,3,353,Others
15306.0,65,3,1174.35,3,1174.35,65.0,3,3,4,334,Others
15307.0,96,1,205.3,1,205.3,96.0,2,1,1,211,Hibernating
15308.0,275,1,310.47,1,310.47,275.0,1,1,2,112,Hibernating
15311.0,1,91,60767.9,30,19880.99570000001,1.0,5,5,5,555,Champions
15312.0,76,4,924.85,4,924.85,76.0,2,4,3,243,At Risk (High Frequency)
15313.0,111,1,52.0,1,52.0,111.0,2,1,1,211,Hibernating
15314.0,200,1,327.97,1,327.97,200.0,1,1,2,112,Hibernating
15315.0,65,2,570.5,2,570.5,65.0,3,3,3,333,Others
15316.0,327,1,165.0,1,165.0,327.0,1,1,1,111,Hibernating
15318.0,4,1,312.62,1,312.62,4.0,5,1,2,512,New Customers
15319.0,284,1,204.5,1,204.5,284.0,1,1,1,111,Hibernating
15320.0,45,1,267.13,1,267.13,45.0,3,1,2,312,Potential Loyalists
15321.0,71,3,2748.31,3,2748.31,71.0,3,3,5,335,Others
15322.0,86,1,679.68,1,679.68,86.0,2,1,3,213,Others
15325.0,104,1,162.29,1,162.29,104.0,2,1,1,211,Hibernating
15326.0,334,1,311.71,1,311.71,334.0,1,1,2,112,Hibernating
15327.0,53,1,208.75,1,208.75,53.0,3,1,1,311,Potential Loyalists
15329.0,40,3,1049.7,3,1049.7,40.0,3,3,4,334,Others
15330.0,33,2,714.96,2,714.96,33.0,4,3,3,433,Loyal Customers
15332.0,367,4,1661.06,4,1661.06,367.0,1,4,4,144,At Risk (High Frequency)
15333.0,209,1,1028.56,1,1028.56,209.0,1,1,4,114,At Risk (High Value)
15334.0,157,3,351.67,3,351.67,157.0,2,3,2,232,Others
15335.0,54,1,173.97,1,173.97,54.0,3,1,1,311,Potential Loyalists
15339.0,67,2,574.07,2,574.07,67.0,3,3,3,333,Others
15341.0,81,1,2020.52,1,2020.52,81.0,2,1,4,214,At Risk (High Value)
15342.0,130,1,406.09,1,406.09,130.0,2,1,2,212,Hibernating
15343.0,88,1,364.5,1,364.5,88.0,2,1,2,212,Hibernating
15344.0,1,3,563.94,3,563.94,1.0,5,3,3,533,Loyal Customers
15345.0,46,1,393.54,1,393.54,46.0,3,1,2,312,Potential Loyalists
15346.0,333,1,252.42,1,252.42,333.0,1,1,2,112,Hibernating
15347.0,367,1,201.6,1,201.6,367.0,1,1,1,111,Hibernating
15348.0,73,1,158.04,1,158.04,73.0,2,1,1,211,Hibernating
15349.0,159,2,473.81,2,473.81,159.0,2,3,2,232,Others
15350.0,374,1,115.65,1,115.65,369.6300000000001,1,1,1,111,Hibernating
15351.0,13,7,1960.11,7,1960.11,13.0,5,5,4,554,Champions
15353.0,255,2,777.02,2,777.02,255.0,1,3,3,133,Others
15355.0,30,2,277.05,2,277.05,30.0,4,3,2,432,Others
15356.0,32,10,2766.5,10,2766.5,32.0,4,5,5,455,Champions
15358.0,5,22,8347.2,22,8347.2,5.0,5,5,5,555,Champions
15360.0,40,1,427.93,1,427.93,40.0,3,1,2,312,Potential Loyalists
15361.0,362,1,418.92,1,418.92,362.0,1,1,2,112,Hibernating
15363.0,373,1,326.0,1,326.0,369.6300000000001,1,1,2,112,Hibernating
15364.0,96,2,913.19,2,913.19,96.0,2,3,3,233,Others
15365.0,26,7,2314.32,7,2314.32,26.0,4,5,5,455,Champions
15366.0,76,2,602.51,2,602.51,76.0,2,3,3,233,Others
15367.0,58,4,1877.59,4,1877.59,58.0,3,4,4,344,Others
15368.0,22,1,446.94,1,446.94,22.0,4,1,2,412,Others
15370.0,41,7,2386.05,7,2386.05,41.0,3,5,5,355,Others
15372.0,138,1,2007.4,1,2007.4,138.0,2,1,4,214,At Risk (High Value)
15373.0,9,12,2415.91,12,2415.91,9.0,5,5,5,555,Champions
15374.0,129,1,168.0,1,168.0,129.0,2,1,1,211,Hibernating
15376.0,41,3,1233.36,3,1233.36,41.0,3,3,4,334,Others
15379.0,170,7,3703.29,7,3703.29,170.0,2,5,5,255,At Risk (High Frequency)
15380.0,9,5,1690.26,5,1690.26,9.0,5,4,4,544,Champions
15381.0,214,2,596.85,2,596.85,214.0,1,3,3,133,Others
15382.0,15,6,5955.71,6,5955.71,15.0,4,5,5,455,Champions
15384.0,170,2,642.41,2,642.41,170.0,2,3,3,233,Others
15385.0,41,1,316.88,1,316.88,41.0,3,1,2,312,Potential Loyalists
15386.0,187,1,394.14,1,394.14,187.0,1,1,2,112,Hibernating
15388.0,271,1,140.54,1,140.54,271.0,1,1,1,111,Hibernating
15389.0,173,1,500.0,1,500.0,173.0,2,1,3,213,Others
15392.0,5,4,1535.53,4,1535.53,5.0,5,4,4,544,Champions
15393.0,17,2,231.86,2,231.86,17.0,4,3,1,431,Others
15394.0,10,4,2183.54,4,2183.54,10.0,5,4,5,545,Champions
15395.0,326,1,107.45,1,107.45,326.0,1,1,1,111,Hibernating
15396.0,113,1,288.18,1,288.18,113.0,2,1,2,212,Hibernating
15397.0,290,1,94.0,1,94.0,290.0,1,1,1,111,Hibernating
15398.0,17,2,1345.53,2,1345.53,17.0,4,3,4,434,Loyal Customers
15399.0,2,3,815.77,3,815.77,2.0,5,3,3,533,Loyal Customers
15400.0,93,5,716.2,5,716.2,93.0,2,4,3,243,At Risk (High Frequency)
15402.0,149,2,626.77,2,626.77,149.0,2,3,3,233,Others
15405.0,190,1,349.1,1,349.1,190.0,1,1,2,112,Hibernating
15406.0,32,2,510.71,2,510.71,32.0,4,3,3,433,Loyal Customers
15407.0,34,4,1056.44,4,1056.44,34.0,3,4,4,344,Others
15408.0,265,1,267.18,1,267.18,265.0,1,1,2,112,Hibernating
15410.0,85,8,3450.84,8,3450.84,85.0,2,5,5,255,At Risk (High Frequency)
15411.0,27,4,1358.88,4,1358.88,27.0,4,4,4,444,Champions
15412.0,172,1,190.53,1,190.53,172.0,2,1,1,211,Hibernating
15414.0,10,3,774.9,3,774.9,10.0,5,3,3,533,Loyal Customers
15415.0,314,1,572.81,1,572.81,314.0,1,1,3,113,Others
15416.0,65,4,3984.32,4,3984.32,65.0,3,4,5,345,Others
15417.0,86,1,508.8,1,508.8,86.0,2,1,3,213,Others
15419.0,25,1,135.86,1,135.86,25.0,4,1,1,411,Others
15421.0,59,4,950.36,4,950.36,59.0,3,4,4,344,Others
15422.0,324,2,97.7,2,97.7,324.0,1,3,1,131,Others
15423.0,39,1,43.5,1,43.5,39.0,3,1,1,311,Potential Loyalists
15424.0,255,2,383.34,2,383.34,255.0,1,3,2,132,Others
15426.0,20,5,1447.39,5,1447.39,20.0,4,4,4,444,Champions
15427.0,34,3,1483.14,3,1483.14,34.0,3,3,4,334,Others
15428.0,16,1,93.78,1,93.78,16.0,4,1,1,411,Others
15429.0,27,2,397.35,2,397.35,27.0,4,3,2,432,Others
15432.0,24,1,171.19,1,171.19,24.0,4,1,1,411,Others
15433.0,214,2,533.3,2,533.3,214.0,1,3,3,133,Others
15434.0,9,5,1041.48,5,1041.48,9.0,5,4,4,544,Champions
15435.0,23,1,149.29,1,149.29,23.0,4,1,1,411,Others
15436.0,13,3,1122.53,3,1122.53,13.0,5,3,4,534,Loyal Customers
15437.0,263,1,200.16,1,200.16,263.0,1,1,1,111,Hibernating
15438.0,132,1,156.58,1,156.58,132.0,2,1,1,211,Hibernating
15440.0,55,3,383.68,3,383.68,55.0,3,3,2,332,Others
15442.0,249,1,594.0,1,594.0,249.0,1,1,3,113,Others
15443.0,2,7,3236.91,7,3236.91,2.0,5,5,5,555,Champions
15444.0,10,2,1418.26,2,1418.26,10.0,5,3,4,534,Loyal Customers
15445.0,265,1,113.5,1,113.5,265.0,1,1,1,111,Hibernating
15447.0,331,1,155.17,1,155.17,331.0,1,1,1,111,Hibernating
15448.0,313,1,494.64,1,494.64,313.0,1,1,3,113,Others
15449.0,27,3,974.52,3,974.52,27.0,4,3,4,434,Loyal Customers
15450.0,31,1,429.84,1,429.84,31.0,4,1,2,412,Others
15452.0,30,3,538.73,3,538.73,30.0,4,3,3,433,Loyal Customers
15453.0,2,7,1388.37,7,1388.37,2.0,5,5,4,554,Champions
15454.0,363,1,179.1,1,179.1,363.0,1,1,1,111,Hibernating
15456.0,284,3,447.22,3,447.22,284.0,1,3,2,132,Others
15457.0,263,1,237.07,1,237.07,263.0,1,1,1,111,Hibernating
15458.0,26,1,161.64,1,161.64,26.0,4,1,1,411,Others
15460.0,355,1,216.76,1,216.76,355.0,1,1,1,111,Hibernating
15462.0,95,3,234.6,3,234.6,95.0,2,3,1,231,Others
15463.0,30,1,126.14,1,126.14,30.0,4,1,1,411,Others
15464.0,339,1,1048.85,1,1048.85,339.0,1,1,4,114,At Risk (High Value)
15465.0,20,18,7354.62,18,7354.62,20.0,4,5,5,455,Champions
15466.0,86,1,334.53,1,334.53,86.0,2,1,2,212,Hibernating
15467.0,10,3,524.88,3,524.88,10.0,5,3,3,533,Loyal Customers
15468.0,52,2,467.51,2,467.51,52.0,3,3,2,332,Others
15469.0,51,2,538.55,2,538.55,51.0,3,3,3,333,Others
15471.0,3,1,469.48,1,469.48,3.0,5,1,2,512,New Customers
15472.0,114,1,371.56,1,371.56,114.0,2,1,2,212,Hibernating
15473.0,15,7,1771.2,7,1771.2,15.0,4,5,4,454,Champions
15475.0,78,1,454.11,1,454.11,78.0,2,1,2,212,Hibernating
15478.0,41,2,1441.42,2,1441.42,41.0,3,3,4,334,Others
15480.0,117,1,905.5,1,905.5,117.0,2,1,3,213,Others
15482.0,16,12,11054.96,12,11054.96,16.0,4,5,5,455,Champions
15483.0,162,4,233.81,4,233.81,162.0,2,4,1,241,At Risk (High Frequency)
15484.0,2,4,3594.31,4,3594.31,2.0,5,4,5,545,Champions
15485.0,31,3,2575.0,3,2575.0,31.0,4,3,5,435,Loyal Customers
15488.0,93,1,91.32,1,91.32,93.0,2,1,1,211,Hibernating
15489.0,23,3,1134.28,3,1134.28,23.0,4,3,4,434,Loyal Customers
15491.0,96,6,3100.09,6,3100.09,96.0,2,5,5,255,At Risk (High Frequency)
15492.0,29,2,659.46,2,659.46,29.0,4,3,3,433,Loyal Customers
15493.0,33,5,2001.8,5,2001.8,33.0,4,4,4,444,Champions
15494.0,22,2,1299.23,2,1299.23,22.0,4,3,4,434,Loyal Customers
15497.0,18,2,1262.2,2,1262.2,18.0,4,3,4,434,Loyal Customers
15498.0,3,27,13316.4,27,13316.4,3.0,5,5,5,555,Champions
15500.0,9,4,1131.56,4,1131.56,9.0,5,4,4,544,Champions
15502.0,16,12,10384.93,12,10384.93,16.0,4,5,5,455,Champions
15503.0,363,1,147.09,1,147.09,363.0,1,1,1,111,Hibernating
15504.0,82,1,52.83,1,52.83,82.0,2,1,1,211,Hibernating
15505.0,53,5,3610.96,5,3610.96,53.0,3,4,5,345,Others
15506.0,23,3,979.26,3,979.26,23.0,4,3,4,434,Loyal Customers
15507.0,172,1,492.36,1,492.36,172.0,2,1,3,213,Others
15508.0,190,6,1000.27,6,1000.27,190.0,1,5,4,154,At Risk (High Frequency)
15510.0,331,1,250.0,1,250.0,331.0,1,1,1,111,Hibernating
15511.0,12,5,909.23,5,909.23,12.0,5,4,3,543,Loyal Customers
15512.0,156,2,121.0,2,121.0,156.0,2,3,1,231,Others
15513.0,34,19,14758.22,19,14758.22,34.0,3,5,5,355,Others
15514.0,13,11,4139.46,11,4139.46,13.0,5,5,5,555,Champions
15516.0,45,3,62.43,3,62.43,45.0,3,3,1,331,Others
15517.0,234,1,267.03,1,267.03,234.0,1,1,2,112,Hibernating
15518.0,65,8,1942.45,8,1942.45,65.0,3,5,4,354,Others
15520.0,2,1,343.5,1,343.5,2.0,5,1,2,512,New Customers
15521.0,41,8,3000.2,8,3000.2,41.0,3,5,5,355,Others
15522.0,33,2,398.84,2,398.84,33.0,4,3,2,432,Others
15523.0,85,1,412.01,1,412.01,85.0,2,1,2,212,Hibernating
15524.0,25,1,440.0,1,440.0,25.0,4,1,2,412,Others
15525.0,3,3,825.92,3,825.92,3.0,5,3,3,533,Loyal Customers
15526.0,34,2,148.44,2,148.44,34.0,3,3,1,331,Others
15527.0,19,8,2429.78,8,2429.78,19.0,4,5,5,455,Champions
15528.0,255,1,229.33,1,229.33,255.0,1,1,1,111,Hibernating
15529.0,23,11,3995.23,11,3995.23,23.0,4,5,5,455,Champions
15530.0,22,4,1502.35,4,1502.35,22.0,4,4,4,444,Champions
15531.0,9,2,2007.44,2,2007.44,9.0,5,3,4,534,Loyal Customers
15532.0,26,4,1580.93,4,1580.93,26.0,4,4,4,444,Champions
15533.0,20,3,807.57,3,807.57,20.0,4,3,3,433,Loyal Customers
15535.0,174,4,536.4,4,536.4,174.0,2,4,3,243,At Risk (High Frequency)
15537.0,164,1,110.92,1,110.92,164.0,2,1,1,211,Hibernating
15539.0,8,1,538.46,1,538.46,8.0,5,1,3,513,New Customers
15540.0,12,1,213.3,1,213.3,12.0,5,1,1,511,New Customers
15541.0,115,1,85.13,1,85.13,115.0,2,1,1,211,Hibernating
15543.0,289,1,127.86,1,127.86,289.0,1,1,1,111,Hibernating
15544.0,10,9,3546.71,9,3546.71,10.0,5,5,5,555,Champions
15545.0,55,2,292.72,2,292.72,55.0,3,3,2,332,Others
15547.0,8,14,4954.84,14,4954.84,8.0,5,5,5,555,Champions
15549.0,78,3,1693.26,3,1693.26,78.0,2,3,4,234,At Risk (High Value)
15550.0,5,4,575.63,4,575.63,5.0,5,4,3,543,Loyal Customers
15551.0,37,1,436.06,1,436.06,37.0,3,1,2,312,Potential Loyalists
15552.0,218,1,90.12,1,90.12,218.0,1,1,1,111,Hibernating
15553.0,61,1,437.23,1,437.23,61.0,3,1,2,312,Potential Loyalists
15554.0,278,1,217.2,1,217.2,278.0,1,1,1,111,Hibernating
15555.0,13,16,4805.17,16,4805.17,13.0,5,5,5,555,Champions
15556.0,25,1,279.77,1,279.77,25.0,4,1,2,412,Others
15557.0,29,1,473.65,1,473.65,29.0,4,1,2,412,Others
15561.0,12,4,800.59,4,800.59,12.0,5,4,3,543,Loyal Customers
15562.0,352,1,134.55,1,134.55,352.0,1,1,1,111,Hibernating
15563.0,23,4,1400.44,4,1400.44,23.0,4,4,4,444,Champions
15565.0,51,2,173.16,2,173.16,51.0,3,3,1,331,Others
15567.0,19,1,186.01,1,186.01,19.0,4,1,1,411,Others
15568.0,3,3,758.29,3,758.29,3.0,5,3,3,533,Loyal Customers
15569.0,104,5,1375.71,5,1375.71,104.0,2,4,4,244,At Risk (High Frequency)
15570.0,8,12,4165.52,12,4165.52,8.0,5,5,5,555,Champions
15571.0,12,4,650.43,4,650.43,12.0,5,4,3,543,Loyal Customers
15572.0,5,7,2552.86,7,2552.86,5.0,5,5,5,555,Champions
15573.0,32,2,607.45,2,607.45,32.0,4,3,3,433,Loyal Customers
15574.0,178,4,702.25,4,702.25,178.0,2,4,3,243,At Risk (High Frequency)
15576.0,38,1,940.67,1,940.67,38.0,3,1,3,313,Potential Loyalists
15577.0,152,3,258.88,3,258.88,152.0,2,3,2,232,Others
15578.0,163,1,127.1,1,127.1,163.0,2,1,1,211,Hibernating
15579.0,69,2,348.6,2,348.6,69.0,3,3,2,332,Others
15581.0,121,13,3679.97,13,3679.97,121.0,2,5,5,255,At Risk (High Frequency)
15582.0,25,3,682.91,3,682.91,25.0,4,3,3,433,Loyal Customers
15584.0,24,4,725.11,4,725.11,24.0,4,4,3,443,Loyal Customers
15585.0,177,1,455.3,1,455.3,177.0,2,1,2,212,Hibernating
15587.0,51,4,913.68,4,913.68,51.0,3,4,3,343,Others
15589.0,256,3,478.53,3,478.53,256.0,1,3,2,132,Others
15592.0,47,1,388.58,1,388.58,47.0,3,1,2,312,Potential Loyalists
15593.0,71,1,199.8,1,199.8,71.0,3,1,1,311,Potential Loyalists
15594.0,16,5,1771.78,5,1771.78,16.0,4,4,4,444,Champions
15596.0,101,5,1406.59,5,1406.59,101.0,2,4,4,244,At Risk (High Frequency)
15597.0,36,1,324.57,1,324.57,36.0,3,1,2,312,Potential Loyalists
15598.0,54,1,240.68,1,240.68,54.0,3,1,1,311,Potential Loyalists
15599.0,27,2,761.74,2,761.74,27.0,4,3,3,433,Loyal Customers
15601.0,12,14,6776.56,14,6776.56,12.0,5,5,5,555,Champions
15602.0,9,9,1297.87,9,1297.87,9.0,5,5,4,554,Champions
15603.0,79,1,48.48,1,48.48,79.0,2,1,1,211,Hibernating
15604.0,53,1,216.39,1,216.39,53.0,3,1,1,311,Potential Loyalists
15605.0,37,5,1198.23,5,1198.23,37.0,3,4,4,344,Others
15606.0,62,9,2920.16,9,2920.16,62.0,3,5,5,355,Others
15607.0,337,1,104.76,1,104.76,337.0,1,1,1,111,Hibernating
15608.0,29,4,1093.68,4,1093.68,29.0,4,4,4,444,Champions
15609.0,185,1,298.48,1,298.48,185.0,1,1,2,112,Hibernating
15610.0,52,1,112.46,1,112.46,52.0,3,1,1,311,Potential Loyalists
15611.0,10,13,1591.45,13,1591.45,10.0,5,5,4,554,Champions
15612.0,37,2,195.15,2,195.15,37.0,3,3,1,331,Others
15615.0,11,23,10399.74,23,10399.74,11.0,5,5,5,555,Champions
15618.0,33,4,776.85,4,776.85,33.0,4,4,3,443,Loyal Customers
15619.0,11,1,336.4,1,336.4,11.0,5,1,2,512,New Customers
15620.0,57,3,1553.18,3,1553.18,57.0,3,3,4,334,Others
15621.0,5,4,1293.03,4,1293.03,5.0,5,4,4,544,Champions
15622.0,44,9,3709.56,9,3709.56,44.0,3,5,5,355,Others
15623.0,142,1,301.03,1,301.03,142.0,2,1,2,212,Hibernating
15624.0,117,4,588.13,4,588.13,117.0,2,4,3,243,At Risk (High Frequency)
15625.0,104,4,1534.26,4,1534.26,104.0,2,4,4,244,At Risk (High Frequency)
15626.0,75,2,675.8,2,675.8,75.0,2,3,3,233,Others
15628.0,5,9,2870.24,9,2870.24,5.0,5,5,5,555,Champions
15630.0,46,2,1186.35,2,1186.35,46.0,3,3,4,334,Others
15632.0,16,8,3285.31,8,3285.31,16.0,4,5,5,455,Champions
15634.0,18,1,243.55,1,243.55,18.0,4,1,1,411,Others
15636.0,90,2,724.76,2,724.76,90.0,2,3,3,233,Others
15637.0,53,1,223.36,1,223.36,53.0,3,1,1,311,Potential Loyalists
15639.0,135,1,425.32,1,425.32,135.0,2,1,2,212,Hibernating
15640.0,5,15,12515.66,15,12515.66,5.0,5,5,5,555,Champions
15641.0,106,4,1887.2,4,1887.2,106.0,2,4,4,244,At Risk (High Frequency)
15643.0,192,3,664.0,3,664.0,192.0,1,3,3,133,Others
15644.0,167,4,813.0,4,813.0,167.0,2,4,3,243,At Risk (High Frequency)
15645.0,19,1,612.01,1,612.01,19.0,4,1,3,413,Others
15646.0,158,3,447.64,3,447.64,158.0,2,3,2,232,Others
15648.0,205,2,657.35,2,657.35,205.0,1,3,3,133,Others
15649.0,337,2,816.0,2,816.0,337.0,1,3,3,133,Others
15651.0,37,3,646.3,3,646.3,37.0,3,3,3,333,Others
15652.0,92,1,337.74,1,337.74,92.0,2,1,2,212,Hibernating
15653.0,93,2,877.44,2,877.44,93.0,2,3,3,233,Others
15654.0,10,2,922.53,2,922.53,10.0,5,3,3,533,Loyal Customers
15655.0,244,1,560.67,1,560.67,244.0,1,1,3,113,Others
15656.0,46,4,748.5,4,748.5,46.0,3,4,3,343,Others
15657.0,23,1,30.0,1,30.0,23.0,4,1,1,411,Others
15658.0,191,5,1024.1,5,1024.1,191.0,1,4,4,144,At Risk (High Frequency)
15659.0,44,1,306.45,1,306.45,44.0,3,1,2,312,Potential Loyalists
15660.0,26,9,1600.86,9,1600.86,26.0,4,5,4,454,Champions
15661.0,318,2,309.8,2,309.8,318.0,1,3,2,132,Others
15663.0,107,1,138.14,1,138.14,107.0,2,1,1,211,Hibernating
15664.0,51,1,386.43,1,386.43,51.0,3,1,2,312,Potential Loyalists
15665.0,169,2,2242.01,2,2242.01,169.0,2,3,5,235,At Risk (High Value)
15667.0,40,1,301.32,1,301.32,40.0,3,1,2,312,Potential Loyalists
15668.0,218,1,76.32,1,76.32,218.0,1,1,1,111,Hibernating
15669.0,41,4,684.34,4,684.34,41.0,3,4,3,343,Others
15670.0,297,1,173.05,1,173.05,297.0,1,1,1,111,Hibernating
15671.0,19,7,2657.13,7,2657.13,19.0,4,5,5,455,Champions
15673.0,89,4,2881.02,4,2881.02,89.0,2,4,5,245,At Risk (High Frequency)
15674.0,74,5,2446.6,5,2446.6,74.0,2,4,5,245,At Risk (High Frequency)
15675.0,82,3,323.69,3,323.69,82.0,2,3,2,232,Others
15676.0,19,3,3435.76,3,3435.76,19.0,4,3,5,435,Loyal Customers
15677.0,50,1,657.23,1,657.23,50.0,3,1,3,313,Potential Loyalists
15678.0,53,1,352.7,1,352.7,53.0,3,1,2,312,Potential Loyalists
15679.0,25,4,781.28,4,781.28,25.0,4,4,3,443,Loyal Customers
15680.0,10,3,1333.68,3,1333.68,10.0,5,3,4,534,Loyal Customers
15681.0,26,5,1426.16,5,1426.16,26.0,4,4,4,444,Champions
15683.0,118,1,193.75,1,193.75,118.0,2,1,1,211,Hibernating
15687.0,9,9,2993.1,9,2993.1,9.0,5,5,5,555,Champions
15689.0,120,2,254.1,2,254.1,120.0,2,3,2,232,Others
15690.0,5,2,239.76,2,239.76,5.0,5,3,1,531,Others
15691.0,253,1,136.8,1,136.8,253.0,1,1,1,111,Hibernating
15692.0,29,1,191.04,1,191.04,29.0,4,1,1,411,Others
15694.0,1,14,6479.4,14,6479.4,1.0,5,5,5,555,Champions
15695.0,267,2,409.98,2,409.98,267.0,1,3,2,132,Others
15696.0,34,8,2736.46,8,2736.46,34.0,3,5,5,355,Others
15699.0,18,1,309.65,1,309.65,18.0,4,1,2,412,Others
15700.0,173,2,696.68,2,696.68,173.0,2,3,3,233,Others
15701.0,3,4,1542.14,4,1542.14,3.0,5,4,4,544,Champions
15703.0,265,1,211.5,1,211.5,265.0,1,1,1,111,Hibernating
15704.0,141,4,2293.62,4,2293.62,141.0,2,4,5,245,At Risk (High Frequency)
15705.0,202,1,143.1,1,143.1,202.0,1,1,1,111,Hibernating
15706.0,64,4,1060.56,4,1060.56,64.0,3,4,4,344,Others
15707.0,36,4,945.58,4,945.58,36.0,3,4,4,344,Others
15708.0,41,7,3364.24,7,3364.24,41.0,3,5,5,355,Others
15709.0,284,1,133.25,1,133.25,284.0,1,1,1,111,Hibernating
15712.0,10,5,1072.36,5,1072.36,10.0,5,4,4,544,Champions
15713.0,144,2,356.7,2,356.7,144.0,2,3,2,232,Others
15714.0,12,2,330.88,2,330.88,12.0,5,3,2,532,Others
15716.0,146,4,1118.81,4,1118.81,146.0,2,4,4,244,At Risk (High Frequency)
15717.0,235,1,150.3,1,150.3,235.0,1,1,1,111,Hibernating
15719.0,33,13,5045.61,13,5045.61,33.0,4,5,5,455,Champions
15720.0,25,1,598.73,1,598.73,25.0,4,1,3,413,Others
15721.0,12,1,507.08,1,507.08,12.0,5,1,3,513,New Customers
15722.0,36,5,2222.56,5,2222.56,36.0,3,4,5,345,Others
15723.0,365,1,203.1,1,203.1,365.0,1,1,1,111,Hibernating
15724.0,202,2,218.25,2,218.25,202.0,1,3,1,131,Others
15725.0,16,1,415.25,1,415.25,16.0,4,1,2,412,Others
15727.0,17,7,5178.96,7,5178.96,17.0,4,5,5,455,Champions
15729.0,213,1,85.0,1,85.0,213.0,1,1,1,111,Hibernating
15730.0,66,3,1120.88,3,1120.88,66.0,3,3,4,334,Others
15732.0,213,2,294.12,2,294.12,213.0,1,3,2,132,Others
15733.0,283,1,162.3,1,162.3,283.0,1,1,1,111,Hibernating
15734.0,115,2,1339.45,2,1339.45,115.0,2,3,4,234,At Risk (High Value)
15737.0,15,8,1205.12,8,1205.12,15.0,4,5,4,454,Champions
15738.0,19,16,4812.42,16,4812.42,19.0,4,5,5,455,Champions
15739.0,67,1,449.12,1,449.12,67.0,3,1,2,312,Potential Loyalists
15740.0,50,1,154.88,1,154.88,50.0,3,1,1,311,Potential Loyalists
15743.0,17,4,784.46,4,784.46,17.0,4,4,3,443,Loyal Customers
15744.0,78,1,34.8,1,34.8,78.0,2,1,1,211,Hibernating
15745.0,20,4,1094.59,4,1094.59,20.0,4,4,4,444,Champions
15746.0,135,1,196.88,1,196.88,135.0,2,1,1,211,Hibernating
15747.0,13,3,974.04,3,974.04,13.0,5,3,4,534,Loyal Customers
15748.0,41,1,149.31,1,149.31,41.0,3,1,1,311,Potential Loyalists
15749.0,236,3,44534.3,3,19880.99570000001,236.0,1,3,5,135,At Risk (High Value)
15750.0,3,8,2465.48,8,2465.48,3.0,5,5,5,555,Champions
15752.0,40,7,2637.38,7,2637.38,40.0,3,5,5,355,Others
15753.0,305,1,79.2,1,79.2,305.0,1,1,1,111,Hibernating
15754.0,52,3,458.57,3,458.57,52.0,3,3,2,332,Others
15755.0,11,6,2364.25,6,2364.25,11.0,5,5,5,555,Champions
15756.0,62,4,532.96,4,532.96,62.0,3,4,3,343,Others
15757.0,66,2,714.42,2,714.42,66.0,3,3,3,333,Others
15758.0,25,1,205.25,1,205.25,25.0,4,2,1,421,Others
15759.0,219,3,253.04,3,253.04,219.0,1,3,2,132,Others
15762.0,66,2,583.75,2,583.75,66.0,3,3,3,333,Others
15763.0,32,2,1086.92,2,1086.92,32.0,4,3,4,434,Loyal Customers
15764.0,89,6,3279.97,6,3279.97,89.0,2,5,5,255,At Risk (High Frequency)
15766.0,65,1,315.06,1,315.06,65.0,3,2,2,322,Potential Loyalists
15768.0,116,3,621.83,3,621.83,116.0,2,4,3,243,At Risk (High Frequency)
15769.0,8,26,56252.72,26,19880.99570000001,8.0,5,5,5,555,Champions
15773.0,6,1,635.68,1,635.68,6.0,5,2,3,523,New Customers
15774.0,69,1,270.8,1,270.8,69.0,3,2,2,322,Potential Loyalists
15775.0,246,1,104.9,1,104.9,246.0,1,2,1,121,Hibernating
15776.0,134,1,241.62,1,241.62,134.0,2,2,1,221,Hibernating
15777.0,242,4,1047.11,4,1047.11,242.0,1,4,4,144,At Risk (High Frequency)
15780.0,184,3,475.28,3,475.28,184.0,1,4,2,142,At Risk (High Frequency)
15781.0,26,3,345.46,3,345.46,26.0,4,4,2,442,Others
15782.0,10,3,2614.74,3,2614.74,10.0,5,4,5,545,Champions
15783.0,11,1,246.3,1,246.3,11.0,5,2,1,521,New Customers
15785.0,33,5,2328.97,5,2328.97,33.0,4,4,5,445,Champions
15786.0,47,3,4932.2,3,4932.2,47.0,3,4,5,345,Others
15787.0,27,3,948.05,3,948.05,27.0,4,4,4,444,Champions
15789.0,359,1,351.3,1,351.3,359.0,1,2,2,122,Hibernating
15790.0,11,1,220.85,1,220.85,11.0,5,2,1,521,New Customers
15791.0,44,2,1612.69,2,1612.69,44.0,3,3,4,334,Others
15793.0,15,3,965.61,3,965.61,15.0,4,4,4,444,Champions
15795.0,150,1,610.01,1,610.01,150.0,2,2,3,223,Others
15796.0,2,8,2711.56,8,2711.56,2.0,5,5,5,555,Champions
15797.0,114,4,2207.4,4,2207.4,114.0,2,4,5,245,At Risk (High Frequency)
15799.0,76,3,884.14,3,884.14,76.0,2,4,3,243,At Risk (High Frequency)
15800.0,108,2,699.08,2,699.08,108.0,2,3,3,233,Others
15801.0,47,3,1063.95,3,1063.95,47.0,3,4,4,344,Others
15802.0,143,1,451.42,1,451.42,143.0,2,2,2,222,Hibernating
15803.0,52,1,415.82,1,415.82,52.0,3,2,2,322,Potential Loyalists
15804.0,1,13,4206.39,13,4206.39,1.0,5,5,5,555,Champions
15805.0,24,17,5528.48,17,5528.48,24.0,4,5,5,455,Champions
15806.0,47,3,784.58,3,784.58,47.0,3,4,3,343,Others
15807.0,51,3,903.9,3,903.9,51.0,3,4,3,343,Others
15808.0,307,4,3734.97,4,3734.97,307.0,1,4,5,145,At Risk (High Frequency)
15809.0,37,5,515.77,5,515.77,37.0,3,4,3,343,Others
15810.0,79,4,1391.98,4,1391.98,79.0,2,4,4,244,At Risk (High Frequency)
15811.0,23,6,2218.62,6,2218.62,23.0,4,5,5,455,Champions
15812.0,108,5,1801.14,5,1801.14,108.0,2,4,4,244,At Risk (High Frequency)
15813.0,208,2,1303.91,2,1303.91,208.0,1,3,4,134,At Risk (High Value)
15814.0,17,4,1945.33,4,1945.33,17.0,4,4,4,444,Champions
15815.0,64,5,2100.6,5,2100.6,64.0,3,4,5,345,Others
15819.0,50,4,1905.45,4,1905.45,50.0,3,4,4,344,Others
15820.0,320,1,206.98,1,206.98,320.0,1,2,1,121,Hibernating
15821.0,45,2,570.96,2,570.96,45.0,3,3,3,333,Others
15822.0,4,2,885.47,2,885.47,4.0,5,3,3,533,Loyal Customers
15823.0,373,1,15.0,1,15.0,369.6300000000001,1,2,1,121,Hibernating
15825.0,173,1,532.94,1,532.94,173.0,2,2,3,223,Others
15826.0,57,3,1654.31,3,1654.31,57.0,3,4,4,344,Others
15827.0,74,14,1836.09,14,1836.09,74.0,2,5,4,254,At Risk (High Frequency)
15829.0,100,2,636.14,2,636.14,100.0,2,3,3,233,Others
15830.0,38,1,576.0,1,576.0,38.0,3,2,3,323,Potential Loyalists
15831.0,59,3,801.76,3,801.76,59.0,3,4,3,343,Others
15832.0,255,1,836.79,1,836.79,255.0,1,2,3,123,Others
15834.0,71,4,2233.75,4,2233.75,71.0,3,4,5,345,Others
15835.0,45,4,954.09,4,954.09,45.0,3,4,4,344,Others
15836.0,51,1,137.37,1,137.37,51.0,3,2,1,321,Potential Loyalists
15837.0,65,1,391.98,1,391.98,65.0,3,2,2,322,Potential Loyalists
15838.0,12,19,33643.08,19,19880.99570000001,12.0,5,5,5,555,Champions
15839.0,34,3,1048.49,3,1048.49,34.0,3,4,4,344,Others
15840.0,59,2,355.56,2,355.56,59.0,3,3,2,332,Others
15841.0,73,4,1224.06,4,1224.06,73.0,2,4,4,244,At Risk (High Frequency)
15843.0,304,1,118.95,1,118.95,304.0,1,2,1,121,Hibernating
15844.0,47,1,130.74,1,130.74,47.0,3,2,1,321,Potential Loyalists
15845.0,18,8,3711.77,8,3711.77,18.0,4,5,5,455,Champions
15847.0,39,2,389.27,2,389.27,39.0,3,3,2,332,Others
15850.0,20,2,238.85,2,238.85,20.0,4,3,1,431,Others
15852.0,187,2,160.71,2,160.71,187.0,1,3,1,131,Others
15853.0,52,1,110.8,1,110.8,52.0,3,2,1,321,Potential Loyalists
15854.0,5,12,2974.65,12,2974.65,5.0,5,5,5,555,Champions
15855.0,137,5,712.24,5,712.24,137.0,2,4,3,243,At Risk (High Frequency)
15856.0,5,27,16387.57,27,16387.57,5.0,5,5,5,555,Champions
15857.0,19,1,297.0,1,297.0,19.0,4,2,2,422,Others
15858.0,16,5,1438.85,5,1438.85,16.0,4,4,4,444,Champions
15860.0,41,8,977.21,8,977.21,41.0,3,5,4,354,Others
15861.0,13,8,3165.36,8,3165.36,13.0,5,5,5,555,Champions
15862.0,9,4,832.88,4,832.88,9.0,5,4,3,543,Loyal Customers
15863.0,26,2,68.84,2,68.84,26.0,4,3,1,431,Others
15864.0,23,6,1936.32,6,1936.32,23.0,4,5,4,454,Champions
15865.0,41,3,895.13,3,895.13,41.0,3,4,3,343,Others
15866.0,102,1,230.53,1,230.53,102.0,2,2,1,221,Hibernating
15867.0,6,15,3812.64,15,3812.64,6.0,5,5,5,555,Champions
15869.0,278,2,149.64,2,149.64,278.0,1,3,1,131,Others
15870.0,33,1,354.09,1,354.09,33.0,4,2,2,422,Others
15872.0,15,2,360.93,2,360.93,15.0,4,3,2,432,Others
15874.0,64,7,4405.88,7,4405.88,64.0,3,5,5,355,Others
15877.0,2,2,493.28,2,493.28,2.0,5,3,3,533,Loyal Customers
15880.0,370,1,343.28,1,343.28,369.6300000000001,1,2,2,122,Hibernating
15881.0,313,5,501.39,5,501.39,313.0,1,4,3,143,At Risk (High Frequency)
15882.0,199,4,516.36,4,516.36,199.0,1,4,3,143,At Risk (High Frequency)
15883.0,3,2,396.48,2,396.48,3.0,5,3,2,532,Others
15885.0,93,3,379.35,3,379.35,93.0,2,4,2,242,At Risk (High Frequency)
15886.0,61,1,181.09,1,181.09,61.0,3,2,1,321,Potential Loyalists
15888.0,81,1,168.31,1,168.31,81.0,2,2,1,221,Hibernating
15889.0,157,2,446.87,2,446.87,157.0,2,3,2,232,Others
15891.0,227,1,524.52,1,524.52,227.0,1,2,3,123,Others
15894.0,254,2,263.55,2,263.55,254.0,1,3,2,132,Others
15895.0,150,1,179.17,1,179.17,150.0,2,2,1,221,Hibernating
15897.0,195,2,222.05,2,222.05,195.0,1,3,1,131,Others
15898.0,2,5,1388.88,5,1388.88,2.0,5,4,4,544,Champions
15899.0,369,1,56.25,1,56.25,369.0,1,2,1,121,Hibernating
15900.0,24,1,351.11,1,351.11,24.0,4,2,2,422,Others
15901.0,17,3,363.88,3,363.88,17.0,4,4,2,442,Others
15903.0,10,7,5126.76,7,5126.76,10.0,5,5,5,555,Champions
15904.0,9,1,164.68,1,164.68,9.0,5,2,1,521,New Customers
15906.0,20,7,1567.69,7,1567.69,20.0,4,5,4,454,Champions
15907.0,4,3,967.45,3,967.45,4.0,5,4,4,544,Champions
15909.0,174,1,191.94,1,191.94,174.0,2,2,1,221,Hibernating
15910.0,1,8,1232.18,8,1232.18,1.0,5,5,4,554,Champions
15912.0,179,2,264.62,2,264.62,179.0,2,3,2,232,Others
15916.0,17,8,1528.09,8,1528.09,17.0,4,5,4,454,Champions
15917.0,248,1,123.1,1,123.1,248.0,1,2,1,121,Hibernating
15918.0,191,2,334.23,2,334.23,191.0,1,3,2,132,Others
15919.0,20,2,639.89,2,639.89,20.0,4,3,3,433,Loyal Customers
15920.0,155,4,167.5,4,167.5,155.0,2,4,1,241,At Risk (High Frequency)
15921.0,173,1,336.03,1,336.03,173.0,2,2,2,222,Hibernating
15922.0,374,1,369.5,1,369.5,369.6300000000001,1,2,2,122,Hibernating
15923.0,373,1,127.08,1,127.08,369.6300000000001,1,2,1,121,Hibernating
15925.0,195,1,207.15,1,207.15,195.0,1,2,1,121,Hibernating
15930.0,68,1,426.63,1,426.63,68.0,3,2,2,322,Potential Loyalists
15932.0,5,8,2495.87,8,2495.87,5.0,5,5,5,555,Champions
15933.0,22,3,1107.46,3,1107.46,22.0,4,4,4,444,Champions
15935.0,240,2,416.86,2,416.86,240.0,1,3,2,132,Others
15937.0,65,1,145.35,1,145.35,65.0,3,2,1,321,Potential Loyalists
15938.0,113,5,404.58,5,404.58,113.0,2,4,2,242,At Risk (High Frequency)
15939.0,90,15,6115.01,15,6115.01,90.0,2,5,5,255,At Risk (High Frequency)
15940.0,312,1,35.8,1,35.8,312.0,1,2,1,121,Hibernating
15942.0,134,1,337.44,1,337.44,134.0,2,2,2,222,Hibernating
15944.0,277,1,325.1,1,325.1,277.0,1,2,2,122,Hibernating
15945.0,366,1,181.0,1,181.0,366.0,1,2,1,121,Hibernating
15947.0,83,1,1708.24,1,1708.24,83.0,2,2,4,224,At Risk (High Value)
15948.0,9,2,955.24,2,955.24,9.0,5,3,4,534,Loyal Customers
15949.0,17,2,364.72,2,364.72,17.0,4,3,2,432,Others
15950.0,32,4,1765.51,4,1765.51,32.0,4,4,4,444,Champions
15951.0,9,2,708.22,2,708.22,9.0,5,3,3,533,Loyal Customers
15952.0,34,4,806.57,4,806.57,34.0,3,4,3,343,Others
15953.0,16,8,1659.38,8,1659.38,16.0,4,5,4,454,Champions
15955.0,25,14,4416.26,14,4416.26,25.0,4,5,5,455,Champions
15957.0,32,1,428.89,1,428.89,32.0,4,2,2,422,Others
15958.0,75,1,104.35,1,104.35,75.0,2,2,1,221,Hibernating
15963.0,20,2,470.76,2,470.76,20.0,4,3,2,432,Others
15965.0,18,4,845.64,4,845.64,18.0,4,4,3,443,Loyal Customers
15967.0,24,2,418.83,2,418.83,24.0,4,3,2,432,Others
15969.0,3,3,666.1,3,666.1,3.0,5,4,3,543,Loyal Customers
15970.0,304,1,314.1,1,314.1,304.0,1,2,2,122,Hibernating
15971.0,18,12,4199.85,12,4199.85,18.0,4,5,5,455,Champions
15973.0,367,1,307.82,1,307.82,367.0,1,2,2,122,Hibernating
15974.0,40,7,3442.15,7,3442.15,40.0,3,5,5,355,Others
15975.0,85,1,371.01,1,371.01,85.0,2,2,2,222,Hibernating
15976.0,166,2,430.94,2,430.94,166.0,2,3,2,232,Others
15977.0,18,2,1054.73,2,1054.73,18.0,4,3,4,434,Loyal Customers
15978.0,78,1,1098.78,1,1098.78,78.0,2,2,4,224,At Risk (High Value)
15980.0,89,3,2398.86,3,2398.86,89.0,2,4,5,245,At Risk (High Frequency)
15981.0,25,8,3408.48,8,3408.48,25.0,4,5,5,455,Champions
15983.0,23,4,1475.02,4,1475.02,23.0,4,4,4,444,Champions
15984.0,3,10,2837.67,10,2837.67,3.0,5,5,5,555,Champions
15985.0,124,2,1142.42,2,1142.42,124.0,2,3,4,234,At Risk (High Value)
15986.0,31,1,168.12,1,168.12,31.0,4,2,1,421,Others
15987.0,13,7,1451.28,7,1451.28,13.0,5,5,4,554,Champions
15988.0,20,1,158.03,1,158.03,20.0,4,2,1,421,Others
15990.0,45,2,792.11,2,792.11,45.0,3,3,3,333,Others
15992.0,4,1,41.99,1,41.99,4.0,5,2,1,521,New Customers
15993.0,9,7,2797.57,7,2797.57,9.0,5,5,5,555,Champions
15994.0,55,1,427.07,1,427.07,55.0,3,2,2,322,Potential Loyalists
15996.0,89,6,1060.68,6,1060.68,89.0,2,5,4,254,At Risk (High Frequency)
15998.0,37,5,3089.97,5,3089.97,37.0,3,4,5,345,Others
16000.0,3,3,12393.7,3,12393.7,3.0,5,4,5,545,Champions
16003.0,30,5,2735.37,5,2735.37,30.0,4,4,5,445,Champions
16005.0,13,4,615.39,4,615.39,13.0,5,4,3,543,Loyal Customers
16006.0,212,1,101.4,1,101.4,212.0,1,2,1,121,Hibernating
16007.0,48,4,1701.94,4,1701.94,48.0,3,4,4,344,Others
16008.0,24,3,478.78,3,478.78,24.0,4,4,2,442,Others
16009.0,23,4,992.71,4,992.71,23.0,4,4,4,444,Champions
16010.0,246,3,407.5,3,407.5,246.0,1,4,2,142,At Risk (High Frequency)
16011.0,9,16,3362.71,16,3362.71,9.0,5,5,5,555,Champions
16012.0,36,3,1415.29,3,1415.29,36.0,3,4,4,344,Others
16013.0,4,47,37130.6,30,19880.99570000001,4.0,5,5,5,555,Champions
16014.0,38,3,662.38,3,662.38,38.0,3,4,3,343,Others
16015.0,4,3,705.39,3,705.39,4.0,5,4,3,543,Loyal Customers
16016.0,4,8,1508.76,8,1508.76,4.0,5,5,4,554,Champions
16017.0,48,1,211.88,1,211.88,48.0,3,2,1,321,Potential Loyalists
16018.0,40,2,408.9,2,408.9,40.0,3,3,2,332,Others
16019.0,47,9,3786.24,9,3786.24,47.0,3,5,5,355,Others
16020.0,17,3,851.01,3,851.01,17.0,4,4,3,443,Loyal Customers
16022.0,261,1,628.28,1,628.28,261.0,1,2,3,123,Others
16023.0,47,3,719.81,3,719.81,47.0,3,4,3,343,Others
16024.0,13,1,251.24,1,251.24,13.0,5,2,2,522,New Customers
16025.0,30,1,439.66,1,439.66,30.0,4,2,2,422,Others
16026.0,44,1,236.09,1,236.09,44.0,3,2,1,321,Potential Loyalists
16027.0,92,6,934.62,6,934.62,92.0,2,5,3,253,At Risk (High Frequency)
16029.0,39,63,81024.84,30,19880.99570000001,39.0,3,5,5,355,Others
16030.0,310,1,331.24,1,331.24,310.0,1,2,2,122,Hibernating
16031.0,93,2,548.94,2,548.94,93.0,2,3,3,233,Others
16033.0,6,20,8816.4,20,8816.4,6.0,5,5,5,555,Champions
16034.0,197,3,437.7,3,437.7,197.0,1,4,2,142,At Risk (High Frequency)
16036.0,88,2,758.92,2,758.92,88.0,2,3,3,233,Others
16037.0,270,3,855.02,3,855.02,270.0,1,4,3,143,At Risk (High Frequency)
16038.0,8,3,471.78,3,471.78,8.0,5,4,2,542,Others
16040.0,66,3,1313.55,3,1313.55,66.0,3,4,4,344,Others
16041.0,31,3,3166.4,3,3166.4,31.0,4,4,5,445,Champions
16042.0,23,5,1197.27,5,1197.27,23.0,4,4,4,444,Champions
16043.0,38,4,773.99,4,773.99,38.0,3,4,3,343,Others
16045.0,120,4,1340.7,4,1340.7,120.0,2,4,4,244,At Risk (High Frequency)
16048.0,374,2,256.44,2,256.44,369.6300000000001,1,3,2,132,Others
16049.0,41,3,1111.79,3,1111.79,41.0,3,4,4,344,Others
16050.0,174,1,137.9,1,137.9,174.0,2,2,1,221,Hibernating
16052.0,55,1,362.06,1,362.06,55.0,3,2,2,322,Potential Loyalists
16053.0,33,2,1511.95,2,1511.95,33.0,4,3,4,434,Loyal Customers
16054.0,146,1,783.9,1,783.9,146.0,2,2,3,223,Others
16055.0,221,1,134.8,1,134.8,221.0,1,2,1,121,Hibernating
16056.0,46,1,664.85,1,664.85,46.0,3,2,3,323,Potential Loyalists
16057.0,17,7,2263.12,7,2263.12,17.0,4,5,5,455,Champions
16059.0,66,6,1459.86,6,1459.86,66.0,3,5,4,354,Others
16062.0,10,4,1153.62,4,1153.62,10.0,5,4,4,544,Champions
16063.0,261,1,335.32,1,335.32,261.0,1,2,2,122,Hibernating
16065.0,366,1,372.09,1,372.09,366.0,1,2,2,122,Hibernating
16066.0,17,5,1521.87,5,1521.87,17.0,4,4,4,444,Champions
16070.0,23,2,852.15,2,852.15,23.0,4,3,3,433,Loyal Customers
16071.0,45,1,326.24,1,326.24,45.0,3,2,2,322,Potential Loyalists
16072.0,289,1,584.32,1,584.32,289.0,1,2,3,123,Others
16073.0,298,1,122.4,1,122.4,298.0,1,2,1,121,Hibernating
16076.0,4,10,2234.73,10,2234.73,4.0,5,5,5,555,Champions
16078.0,284,1,79.2,1,79.2,284.0,1,2,1,121,Hibernating
16079.0,17,3,1352.0,3,1352.0,17.0,4,4,4,444,Champions
16080.0,82,2,217.16,2,217.16,82.0,2,3,1,231,Others
16081.0,57,5,2806.9,5,2806.9,57.0,3,4,5,345,Others
16083.0,101,2,1317.62,2,1317.62,101.0,2,3,4,234,At Risk (High Value)
16084.0,300,1,436.18,1,436.18,300.0,1,2,2,122,Hibernating
16085.0,24,5,981.51,5,981.51,24.0,4,4,4,444,Champions
16086.0,60,5,1121.39,5,1121.39,60.0,3,4,4,344,Others
16091.0,155,2,315.06,2,315.06,155.0,2,3,2,232,Others
16092.0,115,3,817.86,3,817.86,115.0,2,4,3,243,At Risk (High Frequency)
16093.0,107,1,17.0,1,17.0,107.0,2,2,1,221,Hibernating
16094.0,12,4,1078.23,4,1078.23,12.0,5,4,4,544,Champions
16096.0,265,1,320.62,1,320.62,265.0,1,2,2,122,Hibernating
16097.0,241,1,185.05,1,185.05,241.0,1,2,1,121,Hibernating
16098.0,88,7,2005.63,7,2005.63,88.0,2,5,4,254,At Risk (High Frequency)
16099.0,51,3,731.9,3,731.9,51.0,3,4,3,343,Others
16101.0,71,1,1290.7,1,1290.7,71.0,3,2,4,324,Potential Loyalists
16102.0,43,3,1842.14,3,1842.14,43.0,3,4,4,344,Others
16103.0,8,6,1429.64,6,1429.64,8.0,5,5,4,554,Champions
16104.0,62,1,302.36,1,302.36,62.0,3,2,2,322,Potential Loyalists
16105.0,249,1,336.96,1,336.96,249.0,1,2,2,122,Hibernating
16106.0,66,1,108.38,1,108.38,66.0,3,2,1,321,Potential Loyalists
16107.0,18,7,3204.16,7,3204.16,18.0,4,5,5,455,Champions
16108.0,85,1,842.5,1,842.5,85.0,2,2,3,223,Others
16109.0,219,2,611.88,2,611.88,219.0,1,3,3,133,Others
16110.0,46,3,1337.48,3,1337.48,46.0,3,4,4,344,Others
16112.0,144,4,195.74,4,195.74,144.0,2,4,1,241,At Risk (High Frequency)
16113.0,184,1,161.38,1,161.38,184.0,1,2,1,121,Hibernating
16114.0,171,1,135.75,1,135.75,171.0,2,2,1,221,Hibernating
16115.0,10,8,1667.97,8,1667.97,10.0,5,5,4,554,Champions
16116.0,212,1,612.78,1,612.78,212.0,1,2,3,123,Others
16117.0,190,1,232.21,1,232.21,190.0,1,2,1,121,Hibernating
16119.0,9,2,423.36,2,423.36,9.0,5,3,2,532,Others
16120.0,60,4,1309.14,4,1309.14,60.0,3,4,4,344,Others
16121.0,58,2,867.11,2,867.11,58.0,3,3,3,333,Others
16122.0,74,4,684.42,4,684.42,74.0,2,4,3,243,At Risk (High Frequency)
16123.0,52,1,307.78,1,307.78,52.0,3,2,2,322,Potential Loyalists
16124.0,318,1,249.0,1,249.0,318.0,1,2,1,121,Hibernating
16125.0,368,1,289.35,1,289.35,368.0,1,2,2,122,Hibernating
16126.0,30,4,6287.77,4,6287.77,30.0,4,4,5,445,Champions
16127.0,40,1,656.25,1,656.25,40.0,3,2,3,323,Potential Loyalists
16128.0,18,5,1880.22,5,1880.22,18.0,4,4,4,444,Champions
16131.0,52,6,3506.54,6,3506.54,52.0,3,5,5,355,Others
16133.0,4,33,14589.04,30,14589.04,4.0,5,5,5,555,Champions
16134.0,22,2,618.09,2,618.09,22.0,4,3,3,433,Loyal Customers
16135.0,263,1,517.55,1,517.55,263.0,1,2,3,123,Others
16136.0,60,3,709.38,3,709.38,60.0,3,4,3,343,Others
16139.0,19,3,635.41,3,635.41,19.0,4,4,3,443,Loyal Customers
16140.0,66,2,725.18,2,725.18,66.0,3,3,3,333,Others
16141.0,89,1,620.4,1,620.4,89.0,2,2,3,223,Others
16142.0,250,1,535.34,1,535.34,250.0,1,2,3,123,Others
16143.0,4,6,2424.94,6,2424.94,4.0,5,5,5,555,Champions
16144.0,247,1,175.2,1,175.2,247.0,1,2,1,121,Hibernating
16145.0,9,11,3799.49,11,3799.49,9.0,5,5,5,555,Champions
16146.0,158,3,734.13,3,734.13,158.0,2,4,3,243,At Risk (High Frequency)
16147.0,134,1,375.0,1,375.0,134.0,2,2,2,222,Hibernating
16148.0,297,1,76.32,1,76.32,297.0,1,2,1,121,Hibernating
16149.0,5,2,280.52,2,280.52,5.0,5,3,2,532,Others
16150.0,43,5,2053.02,5,2053.02,43.0,3,4,4,344,Others
16152.0,269,1,1829.04,1,1829.04,269.0,1,2,4,124,At Risk (High Value)
16153.0,50,5,1824.23,5,1824.23,50.0,3,4,4,344,Others
16156.0,9,9,3122.04,9,3122.04,9.0,5,5,5,555,Champions
16157.0,16,3,656.69,3,656.69,16.0,4,4,3,443,Loyal Customers
16159.0,282,1,348.2,1,348.2,282.0,1,2,2,122,Hibernating
16160.0,66,2,1025.44,2,1025.44,66.0,3,3,4,334,Others
16161.0,2,19,5575.56,19,5575.56,2.0,5,5,5,555,Champions
16162.0,253,1,37.4,1,37.4,253.0,1,2,1,121,Hibernating
16163.0,233,2,856.6,2,856.6,233.0,1,3,3,133,Others
16164.0,18,3,822.48,3,822.48,18.0,4,4,3,443,Loyal Customers
16168.0,11,27,3787.6,27,3787.6,11.0,5,5,5,555,Champions
16169.0,9,4,1822.97,4,1822.97,9.0,5,4,4,544,Champions
16170.0,51,6,1885.05,6,1885.05,51.0,3,5,4,354,Others
16171.0,60,1,73.2,1,73.2,60.0,3,2,1,321,Potential Loyalists
16172.0,96,5,1140.21,5,1140.21,96.0,2,4,4,244,At Risk (High Frequency)
16173.0,16,6,1418.32,6,1418.32,16.0,4,5,4,454,Champions
16174.0,127,3,1009.55,3,1009.55,127.0,2,4,4,244,At Risk (High Frequency)
16175.0,95,4,1037.59,4,1037.59,95.0,2,4,4,244,At Risk (High Frequency)
16177.0,51,1,331.95,1,331.95,51.0,3,2,2,322,Potential Loyalists
16178.0,139,1,197.9,1,197.9,139.0,2,2,1,221,Hibernating
16179.0,61,1,215.83,1,215.83,61.0,3,2,1,321,Potential Loyalists
16180.0,101,8,10254.18,8,10254.18,101.0,2,5,5,255,At Risk (High Frequency)
16181.0,74,1,305.54,1,305.54,74.0,2,2,2,222,Hibernating
16182.0,73,4,6617.65,4,6617.65,73.0,2,4,5,245,At Risk (High Frequency)
16183.0,68,1,338.71,1,338.71,68.0,3,2,2,322,Potential Loyalists
16184.0,65,6,1158.79,6,1158.79,65.0,3,5,4,354,Others
16185.0,17,2,529.41,2,529.41,17.0,4,3,3,433,Loyal Customers
16186.0,23,12,4006.94,12,4006.94,23.0,4,5,5,455,Champions
16187.0,32,15,6911.44,15,6911.44,32.0,4,5,5,455,Champions
16188.0,45,4,981.86,4,981.86,45.0,3,4,4,344,Others
16189.0,16,2,215.48,2,215.48,16.0,4,3,1,431,Others
16190.0,41,1,215.08,1,215.08,41.0,3,2,1,321,Potential Loyalists
16191.0,3,13,5180.52,13,5180.52,3.0,5,5,5,555,Champions
16193.0,237,1,314.45,1,314.45,237.0,1,2,2,122,Hibernating
16198.0,76,1,400.68,1,400.68,76.0,2,2,2,222,Hibernating
16200.0,5,2,1080.62,2,1080.62,5.0,5,3,4,534,Loyal Customers
16201.0,4,4,1863.47,4,1863.47,4.0,5,4,4,544,Champions
16202.0,361,1,365.27,1,365.27,361.0,1,2,2,122,Hibernating
16203.0,59,4,592.9,4,592.9,59.0,3,4,3,343,Others
16204.0,24,1,405.71,1,405.71,24.0,4,2,2,422,Others
16205.0,31,4,761.38,4,761.38,31.0,4,4,3,443,Loyal Customers
16206.0,55,4,537.06,4,537.06,55.0,3,4,3,343,Others
16207.0,26,1,394.38,1,394.38,26.0,4,2,2,422,Others
16208.0,45,2,664.26,2,664.26,45.0,3,3,3,333,Others
16209.0,89,5,2262.62,5,2262.62,89.0,2,4,5,245,At Risk (High Frequency)
16210.0,2,18,21086.3,18,19880.99570000001,2.0,5,5,5,555,Champions
16211.0,89,1,547.02,1,547.02,89.0,2,2,3,223,Others
16212.0,20,2,690.34,2,690.34,20.0,4,3,3,433,Loyal Customers
16213.0,79,1,159.0,1,159.0,79.0,2,2,1,221,Hibernating
16214.0,171,3,1062.75,3,1062.75,171.0,2,4,4,244,At Risk (High Frequency)
16215.0,81,1,242.35,1,242.35,81.0,2,2,1,221,Hibernating
16216.0,268,1,914.93,1,914.93,268.0,1,2,3,123,Others
16217.0,236,2,304.25,2,304.25,236.0,1,3,2,132,Others
16218.0,30,7,3084.68,7,3084.68,30.0,4,5,5,455,Champions
16221.0,37,3,864.86,3,864.86,37.0,3,4,3,343,Others
16222.0,319,1,846.72,1,846.72,319.0,1,2,3,123,Others
16224.0,58,4,1295.3,4,1295.3,58.0,3,4,4,344,Others
16225.0,45,5,1096.32,5,1096.32,45.0,3,4,4,344,Others
16226.0,204,3,255.12,3,255.12,204.0,1,4,2,142,At Risk (High Frequency)
16227.0,226,1,314.22,1,314.22,226.0,1,2,2,122,Hibernating
16229.0,88,2,1010.6,2,1010.6,88.0,2,3,4,234,At Risk (High Value)
16230.0,190,2,542.03,2,542.03,190.0,1,3,3,133,Others
16232.0,44,4,990.88,4,990.88,44.0,3,4,4,344,Others
16233.0,72,3,536.68,3,536.68,72.0,3,4,3,343,Others
16235.0,41,5,867.31,5,867.31,41.0,3,4,3,343,Others
16236.0,79,1,432.2,1,432.2,79.0,2,2,2,222,Hibernating
16239.0,57,2,414.2,2,414.2,57.0,3,3,2,332,Others
16240.0,25,2,3718.8,2,3718.8,25.0,4,3,5,435,Loyal Customers
16241.0,10,13,2607.87,13,2607.87,10.0,5,5,5,555,Champions
16242.0,9,7,3603.21,7,3603.21,9.0,5,5,5,555,Champions
16243.0,34,2,409.1,2,409.1,34.0,3,3,2,332,Others
16244.0,212,2,1522.75,2,1522.75,212.0,1,3,4,134,At Risk (High Value)
16245.0,24,3,1413.66,3,1413.66,24.0,4,4,4,444,Champions
16247.0,171,1,114.56,1,114.56,171.0,2,2,1,221,Hibernating
16248.0,62,1,152.94,1,152.94,62.0,3,2,1,321,Potential Loyalists
16249.0,53,5,1800.07,5,1800.07,53.0,3,4,4,344,Others
16250.0,262,2,389.44,2,389.44,262.0,1,3,2,132,Others
16253.0,67,2,3683.86,2,3683.86,67.0,3,3,5,335,Others
16255.0,17,8,2619.91,8,2619.91,17.0,4,5,5,455,Champions
16256.0,267,1,752.43,1,752.43,267.0,1,2,3,123,Others
16257.0,177,1,46.95,1,46.95,177.0,2,2,1,221,Hibernating
16258.0,46,5,5203.51,5,5203.51,46.0,3,4,5,345,Others
16260.0,51,1,1035.45,1,1035.45,51.0,3,2,4,324,Potential Loyalists
16261.0,18,4,746.83,4,746.83,18.0,4,4,3,443,Loyal Customers
16265.0,10,9,5447.0,9,5447.0,10.0,5,5,5,555,Champions
16266.0,74,7,861.89,7,861.89,74.0,2,5,3,253,At Risk (High Frequency)
16268.0,72,2,667.65,2,667.65,72.0,3,3,3,333,Others
16270.0,354,1,1141.24,1,1141.24,354.0,1,2,4,124,At Risk (High Value)
16271.0,3,5,1429.24,5,1429.24,3.0,5,4,4,544,Champions
16272.0,117,1,411.7,1,411.7,117.0,2,2,2,222,Hibernating
16274.0,374,1,357.95,1,357.95,369.6300000000001,1,2,2,122,Hibernating
16275.0,197,1,559.87,1,559.87,197.0,1,2,3,123,Others
16276.0,177,1,810.6,1,810.6,177.0,2,2,3,223,Others
16278.0,101,1,566.38,1,566.38,101.0,2,2,3,223,Others
16279.0,22,3,1509.58,3,1509.58,22.0,4,4,4,444,Champions
16281.0,73,1,2062.06,1,2062.06,73.0,2,2,5,225,At Risk (High Value)
16282.0,340,1,168.3,1,168.3,340.0,1,2,1,121,Hibernating
16283.0,6,5,1570.81,5,1570.81,6.0,5,4,4,544,Champions
16284.0,32,2,823.97,2,823.97,32.0,4,3,3,433,Loyal Customers
16287.0,170,1,142.5,1,142.5,170.0,2,2,1,221,Hibernating
16292.0,122,1,302.25,1,302.25,122.0,2,2,2,222,Hibernating
16293.0,22,10,2248.99,10,2248.99,22.0,4,5,5,455,Champions
16295.0,10,4,1328.55,4,1328.55,10.0,5,4,4,544,Champions
16297.0,269,1,301.9,1,301.9,269.0,1,2,2,122,Hibernating
16298.0,23,3,598.2,3,598.2,23.0,4,4,3,443,Loyal Customers
16302.0,127,1,233.22,1,233.22,127.0,2,2,1,221,Hibernating
16303.0,26,3,5360.63,3,5360.63,26.0,4,4,5,445,Champions
16305.0,139,1,361.22,1,361.22,139.0,2,2,2,222,Hibernating
16306.0,214,6,632.27,6,632.27,214.0,1,5,3,153,At Risk (High Frequency)
16308.0,38,4,2560.0,4,2560.0,38.0,3,4,5,345,Others
16309.0,107,2,706.57,2,706.57,107.0,2,3,3,233,Others
16311.0,18,2,616.26,2,616.26,18.0,4,3,3,433,Loyal Customers
16313.0,4,2,274.15,2,274.15,4.0,5,3,2,532,Others
16315.0,331,1,226.37,1,226.37,331.0,1,2,1,121,Hibernating
16316.0,65,8,2938.91,8,2938.91,65.0,3,5,5,355,Others
16317.0,120,3,1341.65,3,1341.65,120.0,2,4,4,244,At Risk (High Frequency)
16318.0,36,1,328.15,1,328.15,36.0,3,2,2,322,Potential Loyalists
16319.0,218,1,404.4,1,404.4,218.0,1,2,2,122,Hibernating
16320.0,173,2,1038.46,2,1038.46,173.0,2,3,4,234,At Risk (High Value)
16321.0,73,5,373.65,5,373.65,73.0,2,4,2,242,At Risk (High Frequency)
16322.0,2,2,326.75,2,326.75,2.0,5,3,2,532,Others
16323.0,197,1,207.5,1,207.5,197.0,1,2,1,121,Hibernating
16324.0,129,3,428.68,3,428.68,129.0,2,4,2,242,At Risk (High Frequency)
16325.0,47,3,594.24,3,594.24,47.0,3,4,3,343,Others
16326.0,6,14,3110.96,14,3110.96,6.0,5,5,5,555,Champions
16327.0,15,6,3844.22,6,3844.22,15.0,4,5,5,455,Champions
16330.0,18,3,251.91,3,251.91,18.0,4,4,2,442,Others
16332.0,29,7,1593.2,7,1593.2,29.0,4,5,4,454,Champions
16333.0,8,22,26626.8,22,19880.99570000001,8.0,5,5,5,555,Champions
16337.0,37,1,151.05,1,151.05,37.0,3,2,1,321,Potential Loyalists
16338.0,158,1,214.8,1,214.8,158.0,2,2,1,221,Hibernating
16339.0,285,1,109.95,1,109.95,285.0,1,2,1,121,Hibernating
16340.0,108,1,549.07,1,549.07,108.0,2,2,3,223,Others
16341.0,25,4,1971.87,4,1971.87,25.0,4,4,4,444,Champions
16342.0,76,4,322.41,4,322.41,76.0,2,4,2,242,At Risk (High Frequency)
16343.0,17,2,370.48,2,370.48,17.0,4,3,2,432,Others
16344.0,159,1,101.1,1,101.1,159.0,2,2,1,221,Hibernating
16345.0,45,1,575.41,1,575.41,45.0,3,2,3,323,Potential Loyalists
16347.0,12,2,887.65,2,887.65,12.0,5,3,3,533,Loyal Customers
16348.0,33,7,1469.45,7,1469.45,33.0,4,5,4,454,Champions
16349.0,291,1,53.5,1,53.5,291.0,1,2,1,121,Hibernating
16350.0,22,4,1116.47,4,1116.47,22.0,4,4,4,444,Champions
16351.0,333,1,153.9,1,153.9,333.0,1,2,1,121,Hibernating
16352.0,18,2,494.44,2,494.44,18.0,4,3,3,433,Loyal Customers
16353.0,4,23,6675.71,23,6675.71,4.0,5,5,5,555,Champions
16354.0,64,2,395.8,2,395.8,64.0,3,3,2,332,Others
16356.0,198,3,211.77,3,211.77,198.0,1,4,1,141,At Risk (High Frequency)
16357.0,34,3,658.88,3,658.88,34.0,3,4,3,343,Others
16358.0,2,4,2027.5,4,2027.5,2.0,5,4,4,544,Champions
16359.0,8,9,1750.92,9,1750.92,8.0,5,5,4,554,Champions
16360.0,5,6,3512.53,6,3512.53,5.0,5,5,5,555,Champions
16361.0,10,4,896.66,4,896.66,10.0,5,4,3,543,Loyal Customers
16362.0,33,5,734.77,5,734.77,33.0,4,4,3,443,Loyal Customers
16363.0,54,1,109.36,1,109.36,54.0,3,2,1,321,Potential Loyalists
16364.0,12,2,707.04,2,707.04,12.0,5,3,3,533,Loyal Customers
16365.0,18,9,1540.42,9,1540.42,18.0,4,5,4,454,Champions
16366.0,19,1,327.3,1,327.3,19.0,4,2,2,422,Others
16367.0,38,2,804.49,2,804.49,38.0,3,3,3,333,Others
16368.0,3,2,497.43,2,497.43,3.0,5,3,3,533,Loyal Customers
16369.0,19,3,1553.66,3,1553.66,19.0,4,4,4,444,Champions
16370.0,83,4,1320.56,4,1320.56,83.0,2,4,4,244,At Risk (High Frequency)
16372.0,34,2,367.93,2,367.93,34.0,3,3,2,332,Others
16374.0,67,2,473.03,2,473.03,67.0,3,3,2,332,Others
16376.0,9,2,987.01,2,987.01,9.0,5,3,4,534,Loyal Customers
16377.0,268,1,676.2,1,676.2,268.0,1,2,3,123,Others
16378.0,248,3,362.95,3,362.95,248.0,1,4,2,142,At Risk (High Frequency)
16379.0,5,4,2157.4,4,2157.4,5.0,5,4,5,545,Champions
16380.0,62,1,1780.59,1,1780.59,62.0,3,2,4,324,Potential Loyalists
16383.0,75,2,668.36,2,668.36,75.0,2,3,3,233,Others
16384.0,90,2,584.5,2,584.5,90.0,2,3,3,233,Others
16385.0,61,3,555.89,3,555.89,61.0,3,4,3,343,Others
16386.0,29,2,317.2,2,317.2,29.0,4,3,2,432,Others
16387.0,323,1,94.36,1,94.36,323.0,1,2,1,121,Hibernating
16389.0,54,4,1382.07,4,1382.07,54.0,3,4,4,344,Others
16392.0,270,1,221.19,1,221.19,270.0,1,2,1,121,Hibernating
16393.0,3,13,3046.21,13,3046.21,3.0,5,5,5,555,Champions
16394.0,57,5,1555.34,5,1555.34,57.0,3,4,4,344,Others
16395.0,61,5,1486.9,5,1486.9,61.0,3,4,4,344,Others
16398.0,155,2,1705.8,2,1705.8,155.0,2,3,4,234,At Risk (High Value)
16399.0,20,2,408.57,2,408.57,20.0,4,3,2,432,Others
16400.0,95,1,303.93,1,303.93,95.0,2,2,2,222,Hibernating
16401.0,2,12,4098.32,12,4098.32,2.0,5,5,5,555,Champions
16402.0,265,2,299.6,2,299.6,265.0,1,3,2,132,Others
16403.0,313,1,177.5,1,177.5,313.0,1,2,1,121,Hibernating
16404.0,71,1,443.05,1,443.05,71.0,3,2,2,322,Potential Loyalists
16405.0,303,2,167.25,2,167.25,303.0,1,3,1,131,Others
16406.0,19,1,163.07,1,163.07,19.0,4,2,1,421,Others
16407.0,13,10,2126.93,10,2126.93,13.0,5,5,5,555,Champions
16409.0,37,5,2028.88,5,2028.88,37.0,3,4,4,344,Others
16411.0,20,2,214.65,2,214.65,20.0,4,3,1,431,Others
16412.0,54,1,151.83,1,151.83,54.0,3,2,1,321,Potential Loyalists
16413.0,57,1,262.2,1,262.2,57.0,3,2,2,322,Potential Loyalists
16414.0,22,2,126.25,2,126.25,22.0,4,3,1,431,Others
16415.0,45,1,210.35,1,210.35,45.0,3,2,1,321,Potential Loyalists
16416.0,27,3,1051.4,3,1051.4,27.0,4,4,4,444,Champions
16418.0,45,3,675.27,3,675.27,45.0,3,4,3,343,Others
16419.0,113,6,972.23,6,972.23,113.0,2,5,4,254,At Risk (High Frequency)
16422.0,18,51,34684.4,30,19880.99570000001,18.0,4,5,5,455,Champions
16423.0,25,1,346.12,1,346.12,25.0,4,2,2,422,Others
16424.0,192,1,133.56,1,133.56,192.0,1,2,1,121,Hibernating
16425.0,303,1,302.7,1,302.7,303.0,1,2,2,122,Hibernating
16426.0,3,10,1908.25,10,1908.25,3.0,5,5,4,554,Champions
16427.0,264,2,241.06,2,241.06,264.0,1,3,1,131,Others
16429.0,107,1,284.55,1,284.55,107.0,2,2,2,222,Hibernating
16430.0,58,1,300.85,1,300.85,58.0,3,2,2,322,Potential Loyalists
16431.0,214,3,642.81,3,642.81,214.0,1,4,3,143,At Risk (High Frequency)
16432.0,65,1,287.4,1,287.4,65.0,3,2,2,322,Potential Loyalists
16433.0,29,1,184.26,1,184.26,29.0,4,2,1,421,Others
16434.0,30,7,1522.25,7,1522.25,30.0,4,5,4,454,Champions
16438.0,6,5,798.35,5,798.35,6.0,5,4,3,543,Loyal Customers
16440.0,8,5,3640.67,5,3640.67,8.0,5,4,5,545,Champions
16441.0,68,2,381.2,2,381.2,68.0,3,3,2,332,Others
16442.0,2,3,616.79,3,616.79,2.0,5,4,3,543,Loyal Customers
16444.0,47,4,654.67,4,654.67,47.0,3,4,3,343,Others
16445.0,34,1,230.51,1,230.51,34.0,3,2,1,321,Potential Loyalists
16446.0,1,2,168472.5,2,19880.99570000001,1.0,5,3,5,535,Loyal Customers
16447.0,136,1,259.01,1,259.01,136.0,2,2,2,222,Hibernating
16448.0,199,1,188.89,1,188.89,199.0,1,2,1,121,Hibernating
16449.0,198,2,707.69,2,707.69,198.0,1,3,3,133,Others
16450.0,150,1,311.92,1,311.92,150.0,2,2,2,222,Hibernating
16451.0,88,1,266.97,1,266.97,88.0,2,2,2,222,Hibernating
16454.0,45,2,6.9,2,6.9,45.0,3,3,1,331,Others
16455.0,64,7,1841.18,7,1841.18,64.0,3,5,4,354,Others
16456.0,100,5,2158.37,5,2158.37,100.0,2,4,5,245,At Risk (High Frequency)
16457.0,219,1,208.36,1,208.36,219.0,1,2,1,121,Hibernating
16458.0,3,18,3482.74,18,3482.74,3.0,5,5,5,555,Champions
16460.0,29,3,814.72,3,814.72,29.0,4,4,3,443,Loyal Customers
16461.0,178,1,151.42,1,151.42,178.0,2,2,1,221,Hibernating
16462.0,74,3,136.0,3,136.0,74.0,2,4,1,241,At Risk (High Frequency)
16463.0,22,4,1422.4,4,1422.4,22.0,4,4,4,444,Champions
16464.0,20,3,1314.68,3,1314.68,20.0,4,4,4,444,Champions
16466.0,34,7,1603.46,7,1603.46,34.0,3,5,4,354,Others
16468.0,75,1,74.9,1,74.9,75.0,2,2,1,221,Hibernating
16469.0,24,4,650.43,4,650.43,24.0,4,4,3,443,Loyal Customers
16470.0,52,4,762.39,4,762.39,52.0,3,4,3,343,Others
16471.0,275,1,223.95,1,223.95,275.0,1,2,1,121,Hibernating
16473.0,165,3,316.11,3,316.11,165.0,2,4,2,242,At Risk (High Frequency)
16474.0,8,7,1871.5,7,1871.5,8.0,5,5,4,554,Champions
16475.0,89,4,544.3,4,544.3,89.0,2,4,3,243,At Risk (High Frequency)
16477.0,64,7,2494.46,7,2494.46,64.0,3,5,5,355,Others
16478.0,26,3,331.0,3,331.0,26.0,4,4,2,442,Others
16479.0,11,2,300.83,2,300.83,11.0,5,3,2,532,Others
16480.0,76,1,769.29,1,769.29,76.0,2,2,3,223,Others
16482.0,16,1,220.62,1,220.62,16.0,4,2,1,421,Others
16483.0,193,1,139.35,1,139.35,193.0,1,2,1,121,Hibernating
16484.0,174,2,404.3,2,404.3,174.0,2,3,2,232,Others
16485.0,78,1,363.65,1,363.65,78.0,2,2,2,222,Hibernating
16488.0,34,3,498.8,3,498.8,34.0,3,4,3,343,Others
16491.0,47,1,731.5,1,731.5,47.0,3,2,3,323,Potential Loyalists
16493.0,80,4,1351.63,4,1351.63,80.0,2,4,4,244,At Risk (High Frequency)
16494.0,297,1,826.53,1,826.53,297.0,1,2,3,123,Others
16495.0,4,3,684.41,3,684.41,4.0,5,4,3,543,Loyal Customers
16496.0,9,3,1599.52,3,1599.52,9.0,5,4,4,544,Champions
16497.0,50,6,2965.69,6,2965.69,50.0,3,5,5,355,Others
16498.0,162,2,100.97,2,100.97,162.0,2,3,1,231,Others
16499.0,361,2,365.45,2,365.45,361.0,1,3,2,132,Others
16500.0,5,6,400.86,6,400.86,5.0,5,5,2,552,Others
16503.0,107,4,1431.93,4,1431.93,107.0,2,4,4,244,At Risk (High Frequency)
16504.0,26,1,484.38,1,484.38,26.0,4,2,2,422,Others
16505.0,32,1,777.6,1,777.6,32.0,4,2,3,423,Others
16506.0,20,2,90.3,2,90.3,20.0,4,3,1,431,Others
16509.0,297,1,363.7,1,363.7,297.0,1,2,2,122,Hibernating
16510.0,373,1,248.1,1,248.1,369.6300000000001,1,2,1,121,Hibernating
16511.0,22,3,950.26,3,950.26,22.0,4,4,4,444,Champions
16513.0,5,4,874.59,4,874.59,5.0,5,4,3,543,Loyal Customers
16515.0,53,5,1627.13,5,1627.13,53.0,3,4,4,344,Others
16516.0,31,1,101.7,1,101.7,31.0,4,2,1,421,Others
16517.0,278,1,162.7,1,162.7,278.0,1,2,1,121,Hibernating
16518.0,62,2,484.32,2,484.32,62.0,3,3,2,332,Others
16519.0,26,2,215.08,2,215.08,26.0,4,3,1,431,Others
16520.0,187,3,1046.57,3,1046.57,187.0,1,4,4,144,At Risk (High Frequency)
16523.0,2,21,9418.47,21,9418.47,2.0,5,5,5,555,Champions
16525.0,3,26,13027.45,26,13027.45,3.0,5,5,5,555,Champions
16526.0,172,1,290.36,1,290.36,172.0,2,2,2,222,Hibernating
16527.0,82,1,228.06,1,228.06,82.0,2,2,1,221,Hibernating
16528.0,4,1,244.41,1,244.41,4.0,5,2,1,521,New Customers
16529.0,191,1,455.25,1,455.25,191.0,1,2,2,122,Hibernating
16531.0,23,7,1244.59,7,1244.59,23.0,4,5,4,454,Champions
16532.0,18,3,6748.8,3,6748.8,18.0,4,4,5,445,Champions
16533.0,20,3,1095.56,3,1095.56,20.0,4,4,4,444,Champions
16535.0,6,1,593.75,1,593.75,6.0,5,2,3,523,New Customers
16536.0,111,1,548.97,1,548.97,111.0,2,2,3,223,Others
16539.0,3,4,1388.81,4,1388.81,3.0,5,4,4,544,Champions
16542.0,54,1,119.62,1,119.62,54.0,3,2,1,321,Potential Loyalists
16545.0,165,1,339.3,1,339.3,165.0,2,2,2,222,Hibernating
16546.0,291,2,787.15,2,787.15,291.0,1,3,3,133,Others
16549.0,11,10,4154.64,10,4154.64,11.0,5,5,5,555,Champions
16550.0,109,5,2298.97,5,2298.97,109.0,2,4,5,245,At Risk (High Frequency)
16551.0,96,3,922.12,3,922.12,96.0,2,4,3,243,At Risk (High Frequency)
16552.0,243,2,379.73,2,379.73,243.0,1,3,2,132,Others
16553.0,164,12,5719.82,12,5719.82,164.0,2,5,5,255,At Risk (High Frequency)
16554.0,43,3,837.1,3,837.1,43.0,3,4,3,343,Others
16555.0,36,2,285.89,2,285.89,36.0,3,3,2,332,Others
16556.0,67,7,3313.79,7,3313.79,67.0,3,5,5,355,Others
16557.0,25,2,281.85,2,281.85,25.0,4,3,2,432,Others
16558.0,1,20,8338.49,20,8338.49,1.0,5,5,5,555,Champions
16560.0,27,2,841.41,2,841.41,27.0,4,3,3,433,Loyal Customers
16561.0,6,2,511.12,2,511.12,6.0,5,3,3,533,Loyal Customers
16563.0,54,1,1077.74,1,1077.74,54.0,3,2,4,324,Potential Loyalists
16565.0,365,1,173.7,1,173.7,365.0,1,2,1,121,Hibernating
16566.0,16,5,614.66,5,614.66,16.0,4,4,3,443,Loyal Customers
16567.0,195,2,865.6,2,865.6,195.0,1,3,3,133,Others
16569.0,4,1,124.2,1,124.2,4.0,5,2,1,521,New Customers
16570.0,16,10,3738.4,10,3738.4,16.0,4,5,5,455,Champions
16571.0,27,3,1421.69,3,1421.69,27.0,4,4,4,444,Champions
16572.0,128,3,1009.6,3,1009.6,128.0,2,4,4,244,At Risk (High Frequency)
16573.0,85,2,663.61,2,663.61,85.0,2,3,3,233,Others
16574.0,72,1,451.44,1,451.44,72.0,3,2,2,322,Potential Loyalists
16581.0,183,1,105.84,1,105.84,183.0,1,2,1,121,Hibernating
16582.0,114,1,313.62,1,313.62,114.0,2,2,2,222,Hibernating
16583.0,374,1,233.45,1,233.45,369.6300000000001,1,2,1,121,Hibernating
16584.0,81,2,936.08,2,936.08,81.0,2,3,3,233,Others
16586.0,249,1,463.95,1,463.95,249.0,1,2,2,122,Hibernating
16587.0,233,1,225.15,1,225.15,233.0,1,2,1,121,Hibernating
16589.0,72,3,459.24,3,459.24,72.0,3,4,2,342,Others
16591.0,69,1,213.5,1,213.5,69.0,3,2,1,321,Potential Loyalists
16592.0,5,16,4113.68,16,4113.68,5.0,5,5,5,555,Champions
16593.0,51,3,330.03,3,330.03,51.0,3,4,2,342,Others
16594.0,76,1,181.09,1,181.09,76.0,2,2,1,221,Hibernating
16595.0,62,1,360.16,1,360.16,62.0,3,2,2,322,Potential Loyalists
16596.0,16,2,250.15,2,250.15,16.0,4,3,1,431,Others
16597.0,5,1,90.04,1,90.04,5.0,5,2,1,521,New Customers
16598.0,286,1,145.05,1,145.05,286.0,1,2,1,121,Hibernating
16600.0,5,6,813.52,6,813.52,5.0,5,5,3,553,Loyal Customers
16601.0,41,1,244.8,1,244.8,41.0,3,2,1,321,Potential Loyalists
16602.0,37,1,528.08,1,528.08,37.0,3,2,3,323,Potential Loyalists
16603.0,75,2,482.47,2,482.47,75.0,2,3,2,232,Others
16607.0,18,14,3347.71,14,3347.71,18.0,4,5,5,455,Champions
16609.0,16,7,5493.46,7,5493.46,16.0,4,5,5,455,Champions
16610.0,220,1,75.66,1,75.66,220.0,1,2,1,121,Hibernating
16611.0,187,1,129.49,1,129.49,187.0,1,2,1,121,Hibernating
16612.0,33,4,1187.66,4,1187.66,33.0,4,4,4,444,Champions
16613.0,71,1,618.59,1,618.59,71.0,3,2,3,323,Potential Loyalists
16614.0,183,1,506.19,1,506.19,183.0,1,2,3,123,Others
16616.0,16,2,500.42,2,500.42,16.0,4,3,3,433,Loyal Customers
16617.0,236,1,151.85,1,151.85,236.0,1,2,1,121,Hibernating
16618.0,32,5,2647.59,5,2647.59,32.0,4,4,5,445,Champions
16619.0,264,1,226.21,1,226.21,264.0,1,2,1,121,Hibernating
16620.0,4,2,178.96,2,178.96,4.0,5,3,1,531,Others
16621.0,52,4,813.48,4,813.48,52.0,3,4,3,343,Others
16623.0,246,1,129.45,1,129.45,246.0,1,2,1,121,Hibernating
16624.0,81,2,810.57,2,810.57,81.0,2,3,3,233,Others
16625.0,275,1,333.08,1,333.08,275.0,1,2,2,122,Hibernating
16626.0,1,17,4413.1,17,4413.1,1.0,5,5,5,555,Champions
16627.0,80,1,322.8,1,322.8,80.0,2,2,2,222,Hibernating
16628.0,30,5,2188.05,5,2188.05,30.0,4,4,5,445,Champions
16629.0,74,2,417.73,2,417.73,74.0,2,3,2,232,Others
16633.0,18,6,2883.1,6,2883.1,18.0,4,5,5,455,Champions
16634.0,223,2,217.9,2,217.9,223.0,1,3,1,131,Others
16637.0,33,4,1154.47,4,1154.47,33.0,4,4,4,444,Champions
16638.0,23,10,1680.72,10,1680.72,23.0,4,5,4,454,Champions
16639.0,32,3,1257.51,3,1257.51,32.0,4,4,4,444,Champions
16641.0,106,1,231.1,1,231.1,106.0,2,2,1,221,Hibernating
16642.0,5,2,688.33,2,688.33,5.0,5,3,3,533,Loyal Customers
16643.0,246,1,487.51,1,487.51,246.0,1,2,2,122,Hibernating
16644.0,178,2,833.78,2,833.78,178.0,2,3,3,233,Others
16647.0,170,2,214.06,2,214.06,170.0,2,3,1,231,Others
16648.0,43,1,290.66,1,290.66,43.0,3,2,2,322,Potential Loyalists
16650.0,72,1,518.42,1,518.42,72.0,3,2,3,323,Potential Loyalists
16652.0,59,7,6773.97,7,6773.97,59.0,3,5,5,355,Others
16653.0,17,2,1212.66,2,1212.66,17.0,4,3,4,434,Loyal Customers
16654.0,142,4,601.27,4,601.27,142.0,2,4,3,243,At Risk (High Frequency)
16655.0,18,6,3794.52,6,3794.52,18.0,4,5,5,455,Champions
16656.0,23,15,8625.8,15,8625.8,23.0,4,5,5,455,Champions
16657.0,10,4,933.62,4,933.62,10.0,5,4,3,543,Loyal Customers
16658.0,369,1,123.24,1,123.24,369.0,1,2,1,121,Hibernating
16659.0,190,1,39.12,1,39.12,190.0,1,2,1,121,Hibernating
16660.0,17,4,1267.65,4,1267.65,17.0,4,4,4,444,Champions
16665.0,363,1,135.4,1,135.4,363.0,1,2,1,121,Hibernating
16666.0,20,1,118.98,1,118.98,20.0,4,2,1,421,Others
16667.0,69,2,570.13,2,570.13,69.0,3,3,3,333,Others
16668.0,16,6,306.72,6,306.72,16.0,4,5,2,452,Others
16669.0,24,3,1374.87,3,1374.87,24.0,4,4,4,444,Champions
16670.0,17,11,4095.9,11,4095.9,17.0,4,5,5,455,Champions
16671.0,29,3,1692.27,3,1692.27,29.0,4,4,4,444,Champions
16672.0,3,20,8134.94,20,8134.94,3.0,5,5,5,555,Champions
16674.0,55,2,319.61,2,319.61,55.0,3,3,2,332,Others
16676.0,34,4,1592.12,4,1592.12,34.0,3,4,4,344,Others
16678.0,3,12,3109.99,12,3109.99,3.0,5,5,5,555,Champions
16679.0,367,1,129.75,1,129.75,367.0,1,2,1,121,Hibernating
16680.0,44,1,183.7,1,183.7,44.0,3,2,1,321,Potential Loyalists
16681.0,73,6,1770.34,6,1770.34,73.0,2,5,4,254,At Risk (High Frequency)
16682.0,5,5,1028.0,5,1028.0,5.0,5,4,4,544,Champions
16684.0,5,28,66653.56,28,19880.99570000001,5.0,5,5,5,555,Champions
16685.0,62,2,324.24,2,324.24,62.0,3,3,2,332,Others
16686.0,48,7,3062.83,7,3062.83,48.0,3,5,5,355,Others
16688.0,2,4,1260.86,4,1260.86,2.0,5,4,4,544,Champions
16689.0,76,2,422.6,2,422.6,76.0,2,3,2,232,Others
16690.0,73,2,225.58,2,225.58,73.0,2,3,1,231,Others
16692.0,257,2,1276.0,2,1276.0,257.0,1,3,4,134,At Risk (High Value)
16693.0,69,2,482.01,2,482.01,69.0,3,3,2,332,Others
16696.0,136,4,657.9,4,657.9,136.0,2,4,3,243,At Risk (High Frequency)
16697.0,242,1,112.75,1,112.75,242.0,1,2,1,121,Hibernating
16698.0,227,2,1998.0,2,1998.0,227.0,1,3,4,134,At Risk (High Value)
16700.0,9,13,5076.55,13,5076.55,9.0,5,5,5,555,Champions
16701.0,9,13,5398.3,13,5398.3,9.0,5,5,5,555,Champions
16705.0,1,20,14034.99,20,14034.99,1.0,5,5,5,555,Champions
16706.0,38,3,531.35,3,531.35,38.0,3,4,3,343,Others
16708.0,46,1,656.63,1,656.63,46.0,3,2,3,323,Potential Loyalists
16709.0,85,5,3029.87,5,3029.87,85.0,2,4,5,245,At Risk (High Frequency)
16710.0,20,10,2483.04,10,2483.04,20.0,4,5,5,455,Champions
16711.0,4,5,1651.03,5,1651.03,4.0,5,4,4,544,Champions
16712.0,10,11,3645.43,11,3645.43,10.0,5,5,5,555,Champions
16713.0,19,15,6923.13,15,6923.13,19.0,4,5,5,455,Champions
16714.0,219,3,1161.53,3,1161.53,219.0,1,4,4,144,At Risk (High Frequency)
16715.0,79,1,301.72,1,301.72,79.0,2,2,2,222,Hibernating
16716.0,267,2,901.2,2,901.2,267.0,1,3,3,133,Others
16717.0,24,6,3858.38,6,3858.38,24.0,4,5,5,455,Champions
16718.0,370,1,623.75,1,623.75,369.6300000000001,1,2,3,123,Others
16719.0,15,7,1790.42,7,1790.42,15.0,4,5,4,454,Champions
16720.0,27,1,155.24,1,155.24,27.0,4,2,1,421,Others
16721.0,263,1,292.47,1,292.47,263.0,1,2,2,122,Hibernating
16722.0,18,13,4730.81,13,4730.81,18.0,4,5,5,455,Champions
16723.0,92,2,589.15,2,589.15,92.0,2,3,3,233,Others
16725.0,303,7,781.02,7,781.02,303.0,1,5,3,153,At Risk (High Frequency)
16726.0,27,5,1382.02,5,1382.02,27.0,4,4,4,444,Champions
16727.0,365,1,272.82,1,272.82,365.0,1,2,2,122,Hibernating
16728.0,47,4,1054.67,4,1054.67,47.0,3,4,4,344,Others
16729.0,39,21,7239.92,21,7239.92,39.0,3,5,5,355,Others
16730.0,53,3,743.11,3,743.11,53.0,3,4,3,343,Others
16732.0,32,1,603.75,1,603.75,32.0,4,2,3,423,Others
16734.0,53,3,650.51,3,650.51,53.0,3,4,3,343,Others
16735.0,79,5,2300.56,5,2300.56,79.0,2,4,5,245,At Risk (High Frequency)
16737.0,54,1,417.6,1,417.6,54.0,3,2,2,322,Potential Loyalists
16738.0,298,1,3.75,1,3.75,298.0,1,2,1,121,Hibernating
16739.0,177,1,323.0,1,323.0,177.0,2,2,2,222,Hibernating
16742.0,47,1,464.9,1,464.9,47.0,3,2,2,322,Potential Loyalists
16743.0,30,7,2238.09,7,2238.09,30.0,4,5,5,455,Champions
16744.0,12,7,1304.76,7,1304.76,12.0,5,5,4,554,Champions
16745.0,87,17,7194.3,17,7194.3,87.0,2,5,5,255,At Risk (High Frequency)
16746.0,5,18,6697.66,18,6697.66,5.0,5,5,5,555,Champions
16747.0,38,2,836.06,2,836.06,38.0,3,3,3,333,Others
16748.0,18,5,1515.9,5,1515.9,18.0,4,4,4,444,Champions
16750.0,45,5,623.93,5,623.93,45.0,3,4,3,343,Others
16751.0,31,1,1764.72,1,1764.72,31.0,4,2,4,424,Others
16752.0,373,1,207.5,1,207.5,369.6300000000001,1,2,1,121,Hibernating
16753.0,59,1,223.92,1,223.92,59.0,3,2,1,321,Potential Loyalists
16754.0,373,1,2002.4,1,2002.4,369.6300000000001,1,2,4,124,At Risk (High Value)
16755.0,115,3,1496.83,3,1496.83,115.0,2,4,4,244,At Risk (High Frequency)
16756.0,215,1,239.4,1,239.4,215.0,1,2,1,121,Hibernating
16757.0,319,1,106.83,1,106.83,319.0,1,2,1,121,Hibernating
16758.0,66,1,369.34,1,369.34,66.0,3,2,2,322,Potential Loyalists
16759.0,8,3,789.79,3,789.79,8.0,5,4,3,543,Loyal Customers
16761.0,97,1,316.62,1,316.62,97.0,2,2,2,222,Hibernating
16762.0,20,3,1501.38,3,1501.38,20.0,4,4,4,444,Champions
16763.0,199,1,611.85,1,611.85,199.0,1,2,3,123,Others
16764.0,4,13,2799.25,13,2799.25,4.0,5,5,5,555,Champions
16765.0,295,1,34.0,1,34.0,295.0,1,2,1,121,Hibernating
16766.0,274,2,1145.6,2,1145.6,274.0,1,3,4,134,At Risk (High Value)
16767.0,31,11,5580.6,11,5580.6,31.0,4,5,5,455,Champions
16768.0,48,3,478.09,3,478.09,48.0,3,4,2,342,Others
16769.0,261,1,380.39,1,380.39,261.0,1,2,2,122,Hibernating
16770.0,58,5,770.1,5,770.1,58.0,3,4,3,343,Others
16771.0,34,5,2246.81,5,2246.81,34.0,3,4,5,345,Others
16773.0,58,1,171.59,1,171.59,58.0,3,2,1,321,Potential Loyalists
16774.0,68,4,661.52,4,661.52,68.0,3,4,3,343,Others
16775.0,11,11,1695.66,11,1695.66,11.0,5,5,4,554,Champions
16776.0,61,1,388.28,1,388.28,61.0,3,2,2,322,Potential Loyalists
16777.0,81,2,226.35,2,226.35,81.0,2,3,1,231,Others
16778.0,75,2,245.94,2,245.94,75.0,2,3,1,231,Others
16779.0,3,22,10629.72,22,10629.72,3.0,5,5,5,555,Champions
16780.0,101,2,425.19,2,425.19,101.0,2,3,2,232,Others
16781.0,373,1,311.25,1,311.25,369.6300000000001,1,2,2,122,Hibernating
16782.0,11,13,2279.9,13,2279.9,11.0,5,5,5,555,Champions
16784.0,20,1,107.6,1,107.6,20.0,4,2,1,421,Others
16788.0,124,2,597.48,2,597.48,124.0,2,3,3,233,Others
16789.0,9,1,80.8,1,80.8,9.0,5,2,1,521,New Customers
16790.0,4,6,1545.62,6,1545.62,4.0,5,5,4,554,Champions
16791.0,30,7,1721.78,7,1721.78,30.0,4,5,4,454,Champions
16792.0,283,2,110.38,2,110.38,283.0,1,3,1,131,Others
16793.0,58,1,243.84,1,243.84,58.0,3,2,1,321,Potential Loyalists
16794.0,2,10,1222.71,10,1222.71,2.0,5,5,4,554,Champions
16795.0,366,1,414.88,1,414.88,366.0,1,2,2,122,Hibernating
16796.0,90,1,305.62,1,305.62,90.0,2,2,2,222,Hibernating
16800.0,12,1,1201.49,1,1201.49,12.0,5,2,4,524,New Customers
16801.0,164,4,1619.73,4,1619.73,164.0,2,4,4,244,At Risk (High Frequency)
16803.0,66,1,332.3,1,332.3,66.0,3,2,2,322,Potential Loyalists
16804.0,24,3,536.99,3,536.99,24.0,4,4,3,443,Loyal Customers
16805.0,174,2,460.59,2,460.59,174.0,2,3,2,232,Others
16806.0,104,4,801.49,4,801.49,104.0,2,4,3,243,At Risk (High Frequency)
16807.0,143,3,1121.59,3,1121.59,143.0,2,4,4,244,At Risk (High Frequency)
16808.0,100,2,288.42,2,288.42,100.0,2,3,2,232,Others
16809.0,24,5,914.69,5,914.69,24.0,4,4,3,443,Loyal Customers
16810.0,193,1,309.54,1,309.54,193.0,1,2,2,122,Hibernating
16811.0,5,2,547.07,2,547.07,5.0,5,3,3,533,Loyal Customers
16812.0,361,1,479.35,1,479.35,361.0,1,2,2,122,Hibernating
16813.0,9,10,1692.98,10,1692.98,9.0,5,5,4,554,Champions
16814.0,15,21,6509.1,21,6509.1,15.0,4,5,5,455,Champions
16816.0,104,4,417.06,4,417.06,104.0,2,4,2,242,At Risk (High Frequency)
16817.0,3,9,1604.75,9,1604.75,3.0,5,5,4,554,Champions
16818.0,11,11,3349.57,11,3349.57,11.0,5,5,5,555,Champions
16820.0,96,1,497.61,1,497.61,96.0,2,2,3,223,Others
16823.0,228,1,358.38,1,358.38,228.0,1,2,2,122,Hibernating
16824.0,16,2,460.64,2,460.64,16.0,4,3,2,432,Others
16825.0,39,2,775.18,2,775.18,39.0,3,3,3,333,Others
16826.0,52,1,341.7,1,341.7,52.0,3,2,2,322,Potential Loyalists
16828.0,94,2,128.5,2,128.5,94.0,2,3,1,231,Others
16829.0,157,1,197.22,1,197.22,157.0,2,2,1,221,Hibernating
16830.0,39,1,325.91,1,325.91,39.0,3,2,2,322,Potential Loyalists
16832.0,185,3,199.15,3,199.15,185.0,1,4,1,141,At Risk (High Frequency)
16833.0,2,4,1106.53,4,1106.53,2.0,5,4,4,544,Champions
16834.0,228,1,413.46,1,413.46,228.0,1,2,2,122,Hibernating
16835.0,129,2,180.85,2,180.85,129.0,2,3,1,231,Others
16836.0,40,2,251.87,2,251.87,40.0,3,3,2,332,Others
16837.0,32,11,3170.98,11,3170.98,32.0,4,5,5,455,Champions
16838.0,198,2,588.85,2,588.85,198.0,1,3,3,133,Others
16839.0,9,34,16594.35,30,16594.35,9.0,5,5,5,555,Champions
16841.0,37,6,1869.82,6,1869.82,37.0,3,5,4,354,Others
16842.0,101,3,1264.19,3,1264.19,101.0,2,4,4,244,At Risk (High Frequency)
16843.0,43,16,10196.57,16,10196.57,43.0,3,5,5,355,Others
16846.0,51,1,214.32,1,214.32,51.0,3,2,1,321,Potential Loyalists
16847.0,44,1,193.44,1,193.44,44.0,3,2,1,321,Potential Loyalists
16848.0,53,1,281.42,1,281.42,53.0,3,2,2,322,Potential Loyalists
16849.0,187,1,124.57,1,124.57,187.0,1,2,1,121,Hibernating
16850.0,334,1,332.41,1,332.41,334.0,1,2,2,122,Hibernating
16851.0,5,3,342.45,3,342.45,5.0,5,4,2,542,Others
16852.0,11,2,144.91,2,144.91,11.0,5,3,1,531,Others
16855.0,24,2,328.4,2,328.4,24.0,4,3,2,432,Others
16856.0,15,1,35.4,1,35.4,15.0,4,2,1,421,Others
16858.0,369,1,375.69,1,375.69,369.0,1,2,2,122,Hibernating
16859.0,145,2,747.81,2,747.81,145.0,2,3,3,233,Others
16861.0,60,2,173.76,2,173.76,60.0,3,3,1,331,Others
16863.0,32,2,502.8,2,502.8,32.0,4,3,3,433,Loyal Customers
16866.0,141,3,207.74,3,207.74,141.0,2,4,1,241,At Risk (High Frequency)
16869.0,23,4,825.42,4,825.42,23.0,4,4,3,443,Loyal Customers
16871.0,23,6,2812.34,6,2812.34,23.0,4,5,5,455,Champions
16872.0,78,3,680.02,3,680.02,78.0,2,4,3,243,At Risk (High Frequency)
16873.0,5,6,7123.62,6,7123.62,5.0,5,5,5,555,Champions
16875.0,68,5,2095.53,5,2095.53,68.0,3,4,5,345,Others
16877.0,13,6,853.72,6,853.72,13.0,5,5,3,553,Loyal Customers
16878.0,85,1,13.3,1,13.3,85.0,2,2,1,221,Hibernating
16880.0,31,7,1519.08,7,1519.08,31.0,4,5,4,454,Champions
16881.0,67,1,432.0,1,432.0,67.0,3,2,2,322,Potential Loyalists
16882.0,67,3,705.12,3,705.12,67.0,3,4,3,343,Others
16883.0,188,2,276.73,2,276.73,188.0,1,3,2,132,Others
16884.0,38,2,429.84,2,429.84,38.0,3,3,2,332,Others
16885.0,16,3,471.51,3,471.51,16.0,4,4,2,442,Others
16887.0,36,1,194.88,1,194.88,36.0,3,2,1,321,Potential Loyalists
16889.0,195,3,1578.67,3,1578.67,195.0,1,4,4,144,At Risk (High Frequency)
16891.0,2,5,809.7,5,809.7,2.0,5,4,3,543,Loyal Customers
16892.0,2,5,525.54,5,525.54,2.0,5,4,3,543,Loyal Customers
16893.0,367,1,145.93,1,145.93,367.0,1,2,1,121,Hibernating
16895.0,65,1,219.14,1,219.14,65.0,3,2,1,321,Potential Loyalists
16897.0,300,2,289.78,2,289.78,300.0,1,3,2,132,Others
16898.0,27,3,508.81,3,508.81,27.0,4,4,3,443,Loyal Customers
16899.0,8,6,1281.56,6,1281.56,8.0,5,5,4,554,Champions
16900.0,17,3,887.11,3,887.11,17.0,4,4,3,443,Loyal Customers
16902.0,117,1,1706.88,1,1706.88,117.0,2,2,4,224,At Risk (High Value)
16903.0,30,1,373.24,1,373.24,30.0,4,2,2,422,Others
16904.0,5,16,3754.27,16,3754.27,5.0,5,5,5,555,Champions
16905.0,6,7,3102.43,7,3102.43,6.0,5,5,5,555,Champions
16906.0,82,4,579.77,4,579.77,82.0,2,4,3,243,At Risk (High Frequency)
16907.0,30,5,981.65,5,981.65,30.0,4,4,4,444,Champions
16909.0,73,1,379.14,1,379.14,73.0,2,2,2,222,Hibernating
16910.0,5,8,1510.06,8,1510.06,5.0,5,5,4,554,Champions
16912.0,29,11,2575.38,11,2575.38,29.0,4,5,5,455,Champions
16913.0,291,1,113.44,1,113.44,291.0,1,2,1,121,Hibernating
16914.0,37,1,208.46,1,208.46,37.0,3,2,1,321,Potential Loyalists
16915.0,10,6,621.68,6,621.68,10.0,5,5,3,553,Loyal Customers
16916.0,24,2,576.26,2,576.26,24.0,4,3,3,433,Loyal Customers
16917.0,277,1,391.52,1,391.52,277.0,1,2,2,122,Hibernating
16918.0,50,6,1068.82,6,1068.82,50.0,3,5,4,354,Others
16919.0,157,11,2596.45,11,2596.45,157.0,2,5,5,255,At Risk (High Frequency)
16921.0,62,1,169.79,1,169.79,62.0,3,2,1,321,Potential Loyalists
16923.0,13,19,7247.61,19,7247.61,13.0,5,5,5,555,Champions
16924.0,22,3,846.75,3,846.75,22.0,4,4,3,443,Loyal Customers
16926.0,372,1,230.25,1,230.25,369.6300000000001,1,2,1,121,Hibernating
16927.0,116,3,543.05,3,543.05,116.0,2,4,3,243,At Risk (High Frequency)
16928.0,81,17,2847.6,17,2847.6,81.0,2,5,5,255,At Risk (High Frequency)
16929.0,4,7,1295.39,7,1295.39,4.0,5,5,4,554,Champions
16930.0,27,3,380.55,3,380.55,27.0,4,4,2,442,Others
16931.0,6,21,4604.22,21,4604.22,6.0,5,5,5,555,Champions
16932.0,54,1,161.94,1,161.94,54.0,3,2,1,321,Potential Loyalists
16933.0,2,2,563.23,2,563.23,2.0,5,3,3,533,Loyal Customers
16934.0,55,2,950.93,2,950.93,55.0,3,3,4,334,Others
16936.0,26,1,262.68,1,262.68,26.0,4,2,2,422,Others
16938.0,9,4,2736.38,4,2736.38,9.0,5,4,5,545,Champions
16940.0,53,3,3049.88,3,3049.88,53.0,3,4,5,345,Others
16942.0,13,9,1920.59,9,1920.59,13.0,5,5,4,554,Champions
16943.0,212,3,816.73,3,816.73,212.0,1,4,3,143,At Risk (High Frequency)
16945.0,22,19,4345.5,19,4345.5,22.0,4,5,5,455,Champions
16947.0,236,1,406.48,1,406.48,236.0,1,2,2,122,Hibernating
16948.0,139,3,435.02,3,435.02,139.0,2,4,2,242,At Risk (High Frequency)
16949.0,4,6,1286.27,6,1286.27,4.0,5,5,4,554,Champions
16950.0,57,3,1178.56,3,1178.56,57.0,3,4,4,344,Others
16951.0,135,3,1277.75,3,1277.75,135.0,2,4,4,244,At Risk (High Frequency)
16952.0,110,2,167.61,2,167.61,110.0,2,3,1,231,Others
16953.0,31,1,20.8,1,20.8,31.0,4,2,1,421,Others
16954.0,1,9,2085.08,9,2085.08,1.0,5,5,5,555,Champions
16955.0,185,4,518.67,4,518.67,185.0,1,4,3,143,At Risk (High Frequency)
16956.0,18,1,308.74,1,308.74,18.0,4,2,2,422,Others
16957.0,240,2,416.64,2,416.64,240.0,1,3,2,132,Others
16959.0,88,1,117.35,1,117.35,88.0,2,2,1,221,Hibernating
16960.0,39,3,507.05,3,507.05,39.0,3,4,3,343,Others
16961.0,117,1,234.17,1,234.17,117.0,2,2,1,221,Hibernating
16963.0,188,1,110.55,1,110.55,188.0,1,2,1,121,Hibernating
16965.0,227,1,201.19,1,201.19,227.0,1,2,1,121,Hibernating
16966.0,9,7,2154.97,7,2154.97,9.0,5,5,5,555,Champions
16967.0,190,1,319.02,1,319.02,190.0,1,2,2,122,Hibernating
16968.0,5,2,439.43,2,439.43,5.0,5,3,2,532,Others
16969.0,40,3,650.41,3,650.41,40.0,3,4,3,343,Others
16971.0,39,1,357.21,1,357.21,39.0,3,2,2,322,Potential Loyalists
16976.0,268,1,251.52,1,251.52,268.0,1,2,2,122,Hibernating
16978.0,78,1,344.33,1,344.33,78.0,2,2,2,222,Hibernating
16979.0,4,6,1852.0,6,1852.0,4.0,5,5,4,554,Champions
16980.0,256,2,1078.96,2,1078.96,256.0,1,3,4,134,At Risk (High Value)
16982.0,61,1,384.06,1,384.06,61.0,3,2,2,322,Potential Loyalists
16983.0,13,7,1931.25,7,1931.25,13.0,5,5,4,554,Champions
16984.0,89,2,4481.35,2,4481.35,89.0,2,3,5,235,At Risk (High Value)
16985.0,18,10,5464.12,10,5464.12,18.0,4,5,5,455,Champions
16986.0,30,2,1873.2,2,1873.2,30.0,4,3,4,434,Loyal Customers
16987.0,4,7,1625.05,7,1625.05,4.0,5,5,4,554,Champions
16988.0,6,1,126.12,1,126.12,6.0,5,2,1,521,New Customers
16989.0,8,6,1133.25,6,1133.25,8.0,5,5,4,554,Champions
16990.0,219,1,179.0,1,179.0,219.0,1,2,1,121,Hibernating
16992.0,11,5,1614.31,5,1614.31,11.0,5,4,4,544,Champions
16996.0,31,6,1456.96,6,1456.96,31.0,4,5,4,454,Champions
16997.0,289,3,702.0,3,702.0,289.0,1,4,3,143,At Risk (High Frequency)
16998.0,150,4,295.0,4,295.0,150.0,2,4,2,242,At Risk (High Frequency)
16999.0,24,2,484.82,2,484.82,24.0,4,3,2,432,Others
17001.0,1,11,3989.57,11,3989.57,1.0,5,5,5,555,Champions
17002.0,86,3,1493.73,3,1493.73,86.0,2,4,4,244,At Risk (High Frequency)
17004.0,47,2,1412.94,2,1412.94,47.0,3,3,4,334,Others
17006.0,5,4,781.78,4,781.78,5.0,5,4,3,543,Loyal Customers
17007.0,51,6,889.93,6,889.93,51.0,3,5,3,353,Others
17010.0,19,1,195.36,1,195.36,19.0,4,2,1,421,Others
17011.0,31,1,270.9,1,270.9,31.0,4,2,2,422,Others
17014.0,9,3,586.33,3,586.33,9.0,5,4,3,543,Loyal Customers
17015.0,29,3,1842.56,3,1842.56,29.0,4,4,4,444,Champions
17017.0,3,20,8694.26,20,8694.26,3.0,5,5,5,555,Champions
17018.0,41,2,920.1,2,920.1,41.0,3,3,3,333,Others
17019.0,12,4,1272.61,4,1272.61,12.0,5,4,4,544,Champions
17022.0,32,1,71.0,1,71.0,32.0,4,2,1,421,Others
17024.0,46,3,95.85,3,95.85,46.0,3,4,1,341,Others
17025.0,61,3,357.77,3,357.77,61.0,3,4,2,342,Others
17026.0,186,2,154.83,2,154.83,186.0,1,3,1,131,Others
17027.0,79,6,890.29,6,890.29,79.0,2,5,3,253,At Risk (High Frequency)
17029.0,111,2,716.0,2,716.0,111.0,2,3,3,233,Others
17030.0,64,1,146.87,1,146.87,64.0,3,2,1,321,Potential Loyalists
17031.0,12,2,380.35,2,380.35,12.0,5,3,2,532,Others
17033.0,87,3,1030.14,3,1030.14,87.0,2,4,4,244,At Risk (High Frequency)
17034.0,17,3,745.52,3,745.52,17.0,4,4,3,443,Loyal Customers
17035.0,246,2,433.53,2,433.53,246.0,1,3,2,132,Others
17037.0,88,1,1267.32,1,1267.32,88.0,2,2,4,224,At Risk (High Value)
17038.0,31,1,112.4,1,112.4,31.0,4,2,1,421,Others
17040.0,138,1,449.73,1,449.73,138.0,2,2,2,222,Hibernating
17041.0,27,3,1081.57,3,1081.57,27.0,4,4,4,444,Champions
17042.0,3,5,1044.38,5,1044.38,3.0,5,4,4,544,Champions
17043.0,33,4,1735.18,4,1735.18,33.0,4,4,4,444,Champions
17044.0,26,1,948.48,1,948.48,26.0,4,2,4,424,Others
17045.0,114,3,339.44,3,339.44,114.0,2,4,2,242,At Risk (High Frequency)
17046.0,158,1,642.02,1,642.02,158.0,2,2,3,223,Others
17047.0,86,3,1100.9,3,1100.9,86.0,2,4,4,244,At Risk (High Frequency)
17048.0,118,3,925.35,3,925.35,118.0,2,4,3,243,At Risk (High Frequency)
17049.0,3,9,5659.98,9,5659.98,3.0,5,5,5,555,Champions
17050.0,97,6,3228.84,6,3228.84,97.0,2,5,5,255,At Risk (High Frequency)
17051.0,195,1,247.14,1,247.14,195.0,1,2,1,121,Hibernating
17052.0,29,1,413.75,1,413.75,29.0,4,2,2,422,Others
17053.0,131,1,498.48,1,498.48,131.0,2,2,3,223,Others
17054.0,29,5,1356.33,5,1356.33,29.0,4,4,4,444,Champions
17058.0,82,3,1179.89,3,1179.89,82.0,2,4,4,244,At Risk (High Frequency)
17059.0,30,5,3095.04,5,3095.04,30.0,4,4,5,445,Champions
17060.0,267,1,234.24,1,234.24,267.0,1,2,1,121,Hibernating
17061.0,74,11,5232.23,11,5232.23,74.0,2,5,5,255,At Risk (High Frequency)
17062.0,314,4,538.37,4,538.37,314.0,1,4,3,143,At Risk (High Frequency)
17063.0,22,7,1461.14,7,1461.14,22.0,4,5,4,454,Champions
17064.0,59,3,859.35,3,859.35,59.0,3,4,3,343,Others
17068.0,13,21,4552.14,21,4552.14,13.0,5,5,5,555,Champions
17069.0,29,9,2709.7,9,2709.7,29.0,4,5,5,455,Champions
17070.0,115,1,312.14,1,312.14,115.0,2,2,2,222,Hibernating
17071.0,29,9,2429.03,9,2429.03,29.0,4,5,5,455,Champions
17073.0,18,4,1446.09,4,1446.09,18.0,4,4,4,444,Champions
17075.0,18,4,834.12,4,834.12,18.0,4,4,3,443,Loyal Customers
17076.0,37,3,841.08,3,841.08,37.0,3,4,3,343,Others
17078.0,37,2,378.2,2,378.2,37.0,3,3,2,332,Others
17079.0,79,1,118.8,1,118.8,79.0,2,2,1,221,Hibernating
17080.0,23,2,287.62,2,287.62,23.0,4,3,2,432,Others
17081.0,26,2,290.16,2,290.16,26.0,4,3,2,432,Others
17082.0,34,2,2003.85,2,2003.85,34.0,3,3,4,334,Others
17083.0,110,3,1405.78,3,1405.78,110.0,2,4,4,244,At Risk (High Frequency)
17084.0,36,2,2949.75,2,2949.75,36.0,3,3,5,335,Others
17085.0,124,5,1566.65,5,1566.65,124.0,2,4,4,244,At Risk (High Frequency)
17086.0,8,6,2050.08,6,2050.08,8.0,5,5,4,554,Champions
17088.0,29,4,1991.01,4,1991.01,29.0,4,4,4,444,Champions
17090.0,5,7,2043.95,7,2043.95,5.0,5,5,4,554,Champions
17091.0,3,9,3827.76,9,3827.76,3.0,5,5,5,555,Champions
17092.0,51,4,1777.78,4,1777.78,51.0,3,4,4,344,Others
17094.0,323,1,302.0,1,302.0,323.0,1,2,2,122,Hibernating
17095.0,23,3,1324.16,3,1324.16,23.0,4,4,4,444,Champions
17096.0,16,4,1022.13,4,1022.13,16.0,4,4,4,444,Champions
17097.0,3,8,954.42,8,954.42,3.0,5,5,4,554,Champions
17100.0,19,2,971.74,2,971.74,19.0,4,3,4,434,Loyal Customers
17101.0,11,4,1621.73,4,1621.73,11.0,5,4,4,544,Champions
17102.0,262,1,25.5,1,25.5,262.0,1,2,1,121,Hibernating
17105.0,160,2,665.78,2,665.78,160.0,2,3,3,233,Others
17107.0,34,6,10815.43,6,10815.43,34.0,3,5,5,355,Others
17109.0,30,6,885.04,6,885.04,30.0,4,5,3,453,Loyal Customers
17110.0,166,1,163.3,1,163.3,166.0,2,2,1,221,Hibernating
17111.0,48,1,248.61,1,248.61,48.0,3,2,1,321,Potential Loyalists
17114.0,6,8,808.62,8,808.62,6.0,5,5,3,553,Loyal Customers
17115.0,9,3,837.5,3,837.5,9.0,5,4,3,543,Loyal Customers
17117.0,289,1,116.2,1,116.2,289.0,1,2,1,121,Hibernating
17118.0,318,1,157.02,1,157.02,318.0,1,2,1,121,Hibernating
17119.0,4,2,606.91,2,606.91,4.0,5,3,3,533,Loyal Customers
17120.0,234,1,307.46,1,307.46,234.0,1,2,2,122,Hibernating
17122.0,120,1,138.32,1,138.32,120.0,2,2,1,221,Hibernating
17123.0,162,1,345.3,1,345.3,162.0,2,2,2,222,Hibernating
17124.0,186,1,298.89,1,298.89,186.0,1,2,2,122,Hibernating
17125.0,51,1,259.35,1,259.35,51.0,3,2,2,322,Potential Loyalists
17126.0,153,5,1004.75,5,1004.75,153.0,2,4,4,244,At Risk (High Frequency)
17128.0,335,1,157.09,1,157.09,335.0,1,2,1,121,Hibernating
17131.0,6,5,2463.17,5,2463.17,6.0,5,4,5,545,Champions
17133.0,16,7,4892.24,7,4892.24,16.0,4,5,5,455,Champions
17134.0,107,2,425.0,2,425.0,107.0,2,3,2,232,Others
17135.0,17,7,1139.73,7,1139.73,17.0,4,5,4,454,Champions
17138.0,276,1,380.5,1,380.5,276.0,1,2,2,122,Hibernating
17139.0,16,12,10668.47,12,10668.47,16.0,4,5,5,455,Champions
17140.0,248,1,465.32,1,465.32,248.0,1,2,2,122,Hibernating
17142.0,240,1,579.0,1,579.0,240.0,1,2,3,123,Others
17144.0,2,2,984.57,2,984.57,2.0,5,3,4,534,Loyal Customers
17146.0,106,3,749.78,3,749.78,106.0,2,4,3,243,At Risk (High Frequency)
17147.0,23,4,1714.59,4,1714.59,23.0,4,4,4,444,Champions
17148.0,52,1,124.88,1,124.88,52.0,3,2,1,321,Potential Loyalists
17152.0,195,3,1689.5,3,1689.5,195.0,1,4,4,144,At Risk (High Frequency)
17153.0,25,1,213.78,1,213.78,25.0,4,2,1,421,Others
17154.0,76,1,329.34,1,329.34,76.0,2,2,2,222,Hibernating
17155.0,18,2,251.7,2,251.7,18.0,4,3,2,432,Others
17157.0,8,2,319.0,2,319.0,8.0,5,3,2,532,Others
17158.0,33,3,1266.97,3,1266.97,33.0,4,4,4,444,Champions
17159.0,22,3,1538.88,3,1538.88,22.0,4,4,4,444,Champions
17160.0,32,6,3518.03,6,3518.03,32.0,4,5,5,455,Champions
17162.0,29,10,1715.46,10,1715.46,29.0,4,5,4,454,Champions
17163.0,22,2,293.1,2,293.1,22.0,4,3,2,432,Others
17164.0,33,7,2467.35,7,2467.35,33.0,4,5,5,455,Champions
17165.0,285,1,158.68,1,158.68,285.0,1,2,1,121,Hibernating
17166.0,39,2,206.34,2,206.34,39.0,3,3,1,331,Others
17169.0,58,2,835.78,2,835.78,58.0,3,3,3,333,Others
17171.0,290,1,224.91,1,224.91,290.0,1,2,1,121,Hibernating
17172.0,79,1,317.76,1,317.76,79.0,2,2,2,222,Hibernating
17173.0,6,8,3766.6,8,3766.6,6.0,5,5,5,555,Champions
17174.0,218,1,59.9,1,59.9,218.0,1,2,1,121,Hibernating
17175.0,45,4,1443.69,4,1443.69,45.0,3,4,4,344,Others
17176.0,202,1,306.13,1,306.13,202.0,1,2,2,122,Hibernating
17179.0,179,3,711.79,3,711.79,179.0,2,4,3,243,At Risk (High Frequency)
17180.0,57,4,796.03,4,796.03,57.0,3,4,3,343,Others
17181.0,58,2,239.92,2,239.92,58.0,3,3,1,331,Others
17183.0,8,6,3347.31,6,3347.31,8.0,5,5,5,555,Champions
17186.0,47,2,144.0,2,144.0,47.0,3,3,1,331,Others
17187.0,227,1,203.95,1,203.95,227.0,1,2,1,121,Hibernating
17188.0,12,7,2474.23,7,2474.23,12.0,5,5,5,555,Champions
17189.0,107,2,384.4,2,384.4,107.0,2,3,2,232,Others
17190.0,59,2,444.74,2,444.74,59.0,3,3,2,332,Others
17191.0,29,7,2095.13,7,2095.13,29.0,4,5,5,455,Champions
17193.0,36,7,1699.3,7,1699.3,36.0,3,5,4,354,Others
17194.0,274,2,262.62,2,262.62,274.0,1,3,2,132,Others
17197.0,30,1,1013.01,1,1013.01,30.0,4,2,4,424,Others
17198.0,24,3,692.22,3,692.22,24.0,4,4,3,443,Loyal Customers
17201.0,54,1,342.63,1,342.63,54.0,3,2,2,322,Potential Loyalists
17203.0,36,6,3563.85,6,3563.85,36.0,3,5,5,355,Others
17204.0,176,4,1564.56,4,1564.56,176.0,2,4,4,244,At Risk (High Frequency)
17205.0,54,1,384.08,1,384.08,54.0,3,2,2,322,Potential Loyalists
17206.0,54,1,204.24,1,204.24,54.0,3,2,1,321,Potential Loyalists
17211.0,27,8,2317.22,8,2317.22,27.0,4,5,5,455,Champions
17212.0,254,1,226.85,1,226.85,254.0,1,2,1,121,Hibernating
17213.0,41,7,2781.23,7,2781.23,41.0,3,5,5,355,Others
17214.0,61,6,1069.12,6,1069.12,61.0,3,5,4,354,Others
17217.0,235,1,113.5,1,113.5,235.0,1,2,1,121,Hibernating
17218.0,5,10,1960.72,10,1960.72,5.0,5,5,4,554,Champions
17219.0,32,1,114.23,1,114.23,32.0,4,2,1,421,Others
17220.0,25,14,3198.25,14,3198.25,25.0,4,5,5,455,Champions
17221.0,8,2,335.13,2,335.13,8.0,5,3,2,532,Others
17222.0,66,1,354.15,1,354.15,66.0,3,2,2,322,Potential Loyalists
17223.0,311,2,426.79,2,426.79,311.0,1,3,2,132,Others
17226.0,309,1,393.49,1,393.49,309.0,1,2,2,122,Hibernating
17227.0,19,6,939.32,6,939.32,19.0,4,5,3,453,Loyal Customers
17228.0,16,8,1906.09,8,1906.09,16.0,4,5,4,454,Champions
17229.0,97,2,318.76,2,318.76,97.0,2,3,2,232,Others
17230.0,265,8,3638.41,8,3638.41,265.0,1,5,5,155,At Risk (High Frequency)
17231.0,13,10,3174.32,10,3174.32,13.0,5,5,5,555,Champions
17232.0,3,2,421.52,2,421.52,3.0,5,3,2,532,Others
17233.0,36,1,190.88,1,190.88,36.0,3,2,1,321,Potential Loyalists
17234.0,183,1,149.89,1,149.89,183.0,1,2,1,121,Hibernating
17235.0,26,2,550.06,2,550.06,26.0,4,3,3,433,Loyal Customers
17236.0,13,6,916.13,6,916.13,13.0,5,5,3,553,Loyal Customers
17237.0,12,2,314.69,2,314.69,12.0,5,3,2,532,Others
17238.0,3,17,3744.65,17,3744.65,3.0,5,5,5,555,Champions
17239.0,313,1,382.5,1,382.5,313.0,1,2,2,122,Hibernating
17242.0,109,2,1135.04,2,1135.04,109.0,2,3,4,234,At Risk (High Value)
17243.0,2,26,8676.85,26,8676.85,2.0,5,5,5,555,Champions
17244.0,54,1,954.9,1,954.9,54.0,3,2,4,324,Potential Loyalists
17245.0,205,1,171.45,1,171.45,205.0,1,2,1,121,Hibernating
17247.0,16,1,282.19,1,282.19,16.0,4,2,2,422,Others
17248.0,121,1,318.65,1,318.65,121.0,2,2,2,222,Hibernating
17250.0,4,2,384.52,2,384.52,4.0,5,3,2,532,Others
17251.0,363,1,283.28,1,283.28,363.0,1,2,2,122,Hibernating
17252.0,117,2,353.86,2,353.86,117.0,2,3,2,232,Others
17253.0,19,1,178.26,1,178.26,19.0,4,2,1,421,Others
17254.0,5,2,272.44,2,272.44,5.0,5,3,2,532,Others
17255.0,41,2,298.41,2,298.41,41.0,3,3,2,332,Others
17256.0,108,2,240.0,2,240.0,108.0,2,3,1,231,Others
17259.0,149,2,603.37,2,603.37,149.0,2,3,3,233,Others
17262.0,53,5,1253.36,5,1253.36,53.0,3,4,4,344,Others
17263.0,209,1,63.44,1,63.44,209.0,1,2,1,121,Hibernating
17265.0,139,2,562.9,2,562.9,139.0,2,3,3,233,Others
17266.0,3,3,310.64,3,310.64,3.0,5,4,2,542,Others
17267.0,128,2,317.62,2,317.62,128.0,2,3,2,232,Others
17268.0,108,4,763.64,4,763.64,108.0,2,4,3,243,At Risk (High Frequency)
17272.0,43,4,2148.63,4,2148.63,43.0,3,4,5,345,Others
17274.0,36,1,111.98,1,111.98,36.0,3,2,1,321,Potential Loyalists
17277.0,228,2,1065.35,2,1065.35,228.0,1,3,4,134,At Risk (High Value)
17278.0,242,1,246.04,1,246.04,242.0,1,2,1,121,Hibernating
17279.0,58,1,187.83,1,187.83,58.0,3,2,1,321,Potential Loyalists
17282.0,131,3,1703.41,3,1703.41,131.0,2,4,4,244,At Risk (High Frequency)
17284.0,61,6,1652.58,6,1652.58,61.0,3,5,4,354,Others
17286.0,22,1,153.92,1,153.92,22.0,4,2,1,421,Others
17287.0,27,7,1064.11,7,1064.11,27.0,4,5,4,454,Champions
17288.0,10,7,1419.73,7,1419.73,10.0,5,5,4,554,Champions
17289.0,32,3,944.41,3,944.41,32.0,4,4,4,444,Champions
17290.0,4,2,525.24,2,525.24,4.0,5,3,3,533,Loyal Customers
17291.0,309,1,550.8,1,550.8,309.0,1,2,3,123,Others
17293.0,9,9,1875.11,9,1875.11,9.0,5,5,4,554,Champions
17295.0,29,3,556.95,3,556.95,29.0,4,4,3,443,Loyal Customers
17297.0,18,1,131.78,1,131.78,18.0,4,2,1,421,Others
17298.0,102,2,498.42,2,498.42,102.0,2,3,3,233,Others
17299.0,12,4,669.11,4,669.11,12.0,5,4,3,543,Loyal Customers
17301.0,22,1,197.63,1,197.63,22.0,4,2,1,421,Others
17302.0,15,5,1135.63,5,1135.63,15.0,4,4,4,444,Champions
17303.0,362,1,250.04,1,250.04,362.0,1,2,1,121,Hibernating
17306.0,11,19,8631.31,19,8631.31,11.0,5,5,5,555,Champions
17309.0,96,1,82.75,1,82.75,96.0,2,2,1,221,Hibernating
17311.0,79,2,1384.85,2,1384.85,79.0,2,3,4,234,At Risk (High Value)
17312.0,139,3,644.3,3,644.3,139.0,2,4,3,243,At Risk (High Frequency)
17313.0,32,1,2328.84,1,2328.84,32.0,4,2,5,425,Others
17314.0,25,8,2527.92,8,2527.92,25.0,4,5,5,455,Champions
17315.0,2,38,6292.26,30,6292.26,2.0,5,5,5,555,Champions
17317.0,47,3,2600.34,3,2600.34,47.0,3,4,5,345,Others
17320.0,101,3,1200.62,3,1200.62,101.0,2,4,4,244,At Risk (High Frequency)
17321.0,9,2,700.86,2,700.86,9.0,5,3,3,533,Loyal Customers
17323.0,16,7,921.07,7,921.07,16.0,4,5,3,453,Loyal Customers
17324.0,18,4,990.23,4,990.23,18.0,4,4,4,444,Champions
17325.0,281,1,96.8,1,96.8,281.0,1,2,1,121,Hibernating
17329.0,15,2,523.11,2,523.11,15.0,4,3,3,433,Loyal Customers
17330.0,23,2,363.9,2,363.9,23.0,4,3,2,432,Others
17331.0,124,1,175.2,1,175.2,124.0,2,2,1,221,Hibernating
17333.0,86,1,494.25,1,494.25,86.0,2,2,3,223,Others
17334.0,303,2,307.02,2,307.02,303.0,1,3,2,132,Others
17337.0,152,4,2027.87,4,2027.87,152.0,2,4,4,244,At Risk (High Frequency)
17338.0,18,8,6643.93,8,6643.93,18.0,4,5,5,455,Champions
17339.0,95,2,243.36,2,243.36,95.0,2,3,1,231,Others
17340.0,30,11,12353.29,11,12353.29,30.0,4,5,5,455,Champions
17341.0,157,3,781.36,3,781.36,157.0,2,4,3,243,At Risk (High Frequency)
17343.0,356,1,193.64,1,193.64,356.0,1,2,1,121,Hibernating
17344.0,47,1,160.57,1,160.57,47.0,3,2,1,321,Potential Loyalists
17345.0,16,4,537.74,4,537.74,16.0,4,4,3,443,Loyal Customers
17346.0,4,15,2676.56,15,2676.56,4.0,5,5,5,555,Champions
17347.0,87,1,228.96,1,228.96,87.0,2,2,1,221,Hibernating
17348.0,15,5,1159.52,5,1159.52,15.0,4,4,4,444,Champions
17349.0,180,1,110.75,1,110.75,180.0,2,2,1,221,Hibernating
17350.0,9,4,1286.07,4,1286.07,9.0,5,4,4,544,Champions
17351.0,37,3,587.15,3,587.15,37.0,3,4,3,343,Others
17353.0,130,2,1740.0,2,1740.0,130.0,2,3,4,234,At Risk (High Value)
17354.0,51,1,1393.06,1,1393.06,51.0,3,2,4,324,Potential Loyalists
17356.0,312,1,178.22,1,178.22,312.0,1,2,1,121,Hibernating
17357.0,25,2,388.14,2,388.14,25.0,4,3,2,432,Others
17358.0,304,2,365.85,2,365.85,304.0,1,3,2,132,Others
17359.0,12,1,127.86,1,127.86,12.0,5,2,1,521,New Customers
17360.0,18,3,585.79,3,585.79,18.0,4,4,3,443,Loyal Customers
17361.0,50,3,488.2,3,488.2,50.0,3,4,2,342,Others
17362.0,240,2,312.23,2,312.23,240.0,1,3,2,132,Others
17364.0,1,11,4481.18,11,4481.18,1.0,5,5,5,555,Champions
17365.0,13,8,4801.56,8,4801.56,13.0,5,5,5,555,Champions
17367.0,239,1,168.4,1,168.4,239.0,1,2,1,121,Hibernating
17368.0,24,8,1912.67,8,1912.67,24.0,4,5,4,454,Champions
17370.0,73,4,446.18,4,446.18,73.0,2,4,2,242,At Risk (High Frequency)
17371.0,18,3,423.89,3,423.89,18.0,4,4,2,442,Others
17372.0,41,8,1342.68,8,1342.68,41.0,3,5,4,354,Others
17373.0,41,4,646.92,4,646.92,41.0,3,4,3,343,Others
17374.0,219,2,495.77,2,495.77,219.0,1,3,3,133,Others
17375.0,200,3,400.1,3,400.1,200.0,1,4,2,142,At Risk (High Frequency)
17376.0,71,2,203.2,2,203.2,71.0,3,3,1,331,Others
17377.0,24,20,4100.92,20,4100.92,24.0,4,5,5,455,Champions
17379.0,12,1,404.66,1,404.66,12.0,5,2,2,522,New Customers
17381.0,9,29,20275.61,29,19880.99570000001,9.0,5,5,5,555,Champions
17382.0,66,1,65.4,1,65.4,66.0,3,2,1,321,Potential Loyalists
17383.0,5,1,199.29,1,199.29,5.0,5,2,1,521,New Customers
17384.0,20,2,336.4,2,336.4,20.0,4,3,2,432,Others
17385.0,15,1,261.11,1,261.11,15.0,4,2,2,422,Others
17386.0,8,6,2686.42,6,2686.42,8.0,5,5,5,555,Champions
17387.0,20,2,784.11,2,784.11,20.0,4,3,3,433,Loyal Customers
17388.0,78,4,1259.56,4,1259.56,78.0,2,4,4,244,At Risk (High Frequency)
17389.0,1,34,31833.68,30,19880.99570000001,1.0,5,5,5,555,Champions
17391.0,164,2,508.8,2,508.8,164.0,2,3,3,233,Others
17392.0,307,2,457.91,2,457.91,307.0,1,3,2,132,Others
17394.0,220,1,203.87,1,203.87,220.0,1,2,1,121,Hibernating
17396.0,40,8,7330.8,8,7330.8,40.0,3,5,5,355,Others
17397.0,23,2,696.41,2,696.41,23.0,4,3,3,433,Loyal Customers
17398.0,115,3,653.38,3,653.38,115.0,2,4,3,243,At Risk (High Frequency)
17400.0,127,5,2129.96,5,2129.96,127.0,2,4,5,245,At Risk (High Frequency)
17402.0,5,13,2633.85,13,2633.85,5.0,5,5,5,555,Champions
17403.0,37,1,281.62,1,281.62,37.0,3,2,2,322,Potential Loyalists
17404.0,5,15,31906.82,15,19880.99570000001,5.0,5,5,5,555,Champions
17405.0,2,3,1031.41,3,1031.41,2.0,5,4,4,544,Champions
17406.0,334,3,2200.42,3,2200.42,334.0,1,4,5,145,At Risk (High Frequency)
17408.0,164,1,32.65,1,32.65,164.0,2,2,1,221,Hibernating
17409.0,185,2,771.85,2,771.85,185.0,1,3,3,133,Others
17410.0,17,5,1214.72,5,1214.72,17.0,4,4,4,444,Champions
17411.0,13,3,778.94,3,778.94,13.0,5,4,3,543,Loyal Customers
17412.0,3,7,1258.06,7,1258.06,3.0,5,5,4,554,Champions
17414.0,44,2,778.0,2,778.0,44.0,3,3,3,333,Others
17415.0,80,1,507.84,1,507.84,80.0,2,2,3,223,Others
17416.0,30,7,6893.42,7,6893.42,30.0,4,5,5,455,Champions
17418.0,43,2,463.46,2,463.46,43.0,3,3,2,332,Others
17419.0,12,12,4226.57,12,4226.57,12.0,5,5,5,555,Champions
17420.0,51,3,598.83,3,598.83,51.0,3,4,3,343,Others
17422.0,17,6,1979.37,6,1979.37,17.0,4,5,4,454,Champions
17423.0,47,2,698.41,2,698.41,47.0,3,3,3,333,Others
17425.0,20,2,759.17,2,759.17,20.0,4,3,3,433,Loyal Customers
17426.0,9,6,5037.26,6,5037.26,9.0,5,5,5,555,Champions
17427.0,72,1,100.8,1,100.8,72.0,3,2,1,321,Potential Loyalists
17428.0,1,28,17256.85,28,17256.85,1.0,5,5,5,555,Champions
17429.0,129,3,524.92,3,524.92,129.0,2,4,3,243,At Risk (High Frequency)
17430.0,33,2,265.76,2,265.76,33.0,4,3,2,432,Others
17431.0,314,1,403.3,1,403.3,314.0,1,2,2,122,Hibernating
17432.0,19,2,365.76,2,365.76,19.0,4,3,2,432,Others
17433.0,89,1,303.16,1,303.16,89.0,2,2,2,222,Hibernating
17434.0,3,7,2373.82,7,2373.82,3.0,5,5,5,555,Champions
17436.0,2,2,216.3,2,216.3,2.0,5,3,1,531,Others
17438.0,254,1,388.45,1,388.45,254.0,1,2,2,122,Hibernating
17440.0,157,3,186.42,3,186.42,157.0,2,4,1,241,At Risk (High Frequency)
17442.0,37,6,2248.56,6,2248.56,37.0,3,5,5,355,Others
17443.0,220,1,534.24,1,534.24,220.0,1,2,3,123,Others
17444.0,148,3,2940.04,3,2940.04,148.0,2,4,5,245,At Risk (High Frequency)
17446.0,177,2,120.9,2,120.9,177.0,2,3,1,231,Others
17447.0,41,2,541.53,2,541.53,41.0,3,3,3,333,Others
17449.0,3,7,2520.86,7,2520.86,3.0,5,5,5,555,Champions
17450.0,9,46,194550.79,30,19880.99570000001,9.0,5,5,5,555,Champions
17451.0,2,7,1721.4,7,1721.4,2.0,5,5,4,554,Champions
17453.0,18,2,486.72,2,486.72,18.0,4,3,2,432,Others
17454.0,193,4,517.53,4,517.53,193.0,1,4,3,143,At Risk (High Frequency)
17455.0,204,1,131.7,1,131.7,204.0,1,2,1,121,Hibernating
17456.0,366,1,249.86,1,249.86,366.0,1,2,1,121,Hibernating
17457.0,127,5,1737.7,5,1737.7,127.0,2,4,4,244,At Risk (High Frequency)
17458.0,16,1,316.5,1,316.5,16.0,4,2,2,422,Others
17459.0,44,2,657.3,2,657.3,44.0,3,3,3,333,Others
17460.0,95,6,622.43,6,622.43,95.0,2,5,3,253,At Risk (High Frequency)
17461.0,23,3,757.46,3,757.46,23.0,4,4,3,443,Loyal Customers
17462.0,61,2,675.69,2,675.69,61.0,3,3,3,333,Others
17463.0,17,5,1896.41,5,1896.41,17.0,4,4,4,444,Champions
17464.0,159,1,289.96,1,289.96,159.0,2,2,2,222,Hibernating
17466.0,11,2,763.28,2,763.28,11.0,5,3,3,533,Loyal Customers
17468.0,11,2,137.0,2,137.0,11.0,5,3,1,531,Others
17469.0,17,5,1870.97,5,1870.97,17.0,4,4,4,444,Champions
17470.0,45,5,1125.07,5,1125.07,45.0,3,4,4,344,Others
17472.0,192,3,710.29,3,710.29,192.0,1,4,3,143,At Risk (High Frequency)
17475.0,80,1,194.37,1,194.37,80.0,2,2,1,221,Hibernating
17480.0,78,1,511.82,1,511.82,78.0,2,2,3,223,Others
17481.0,4,4,1255.59,4,1255.59,4.0,5,4,4,544,Champions
17483.0,66,3,414.04,3,414.04,66.0,3,4,2,342,Others
17486.0,262,1,396.87,1,396.87,262.0,1,2,2,122,Hibernating
17489.0,59,2,376.64,2,376.64,59.0,3,3,2,332,Others
17490.0,1,7,2092.32,7,2092.32,1.0,5,5,5,555,Champions
17491.0,2,10,3558.87,10,3558.87,2.0,5,5,5,555,Champions
17492.0,249,1,374.57,1,374.57,249.0,1,2,2,122,Hibernating
17495.0,8,2,497.56,2,497.56,8.0,5,3,3,533,Loyal Customers
17496.0,359,1,271.05,1,271.05,359.0,1,2,2,122,Hibernating
17498.0,76,1,272.22,1,272.22,76.0,2,2,2,222,Hibernating
17499.0,290,1,622.88,1,622.88,290.0,1,2,3,123,Others
17500.0,18,3,1138.0,3,1138.0,18.0,4,4,4,444,Champions
17501.0,221,2,288.6,2,288.6,221.0,1,3,2,132,Others
17502.0,10,4,689.1,4,689.1,10.0,5,4,3,543,Loyal Customers
17503.0,3,2,558.96,2,558.96,3.0,5,3,3,533,Loyal Customers
17504.0,207,9,2997.03,9,2997.03,207.0,1,5,5,155,At Risk (High Frequency)
17505.0,162,2,1145.84,2,1145.84,162.0,2,3,4,234,At Risk (High Value)
17506.0,76,1,302.2,1,302.2,76.0,2,2,2,222,Hibernating
17507.0,262,2,605.58,2,605.58,262.0,1,3,3,133,Others
17508.0,281,1,387.31,1,387.31,281.0,1,2,2,122,Hibernating
17509.0,58,8,6115.14,8,6115.14,58.0,3,5,5,355,Others
17510.0,25,1,308.48,1,308.48,25.0,4,2,2,422,Others
17511.0,3,31,91062.38,30,19880.99570000001,3.0,5,5,5,555,Champions
17512.0,29,10,2924.99,10,2924.99,29.0,4,5,5,455,Champions
17513.0,73,1,513.2,1,513.2,73.0,2,2,3,223,Others
17514.0,129,1,208.65,1,208.65,129.0,2,2,1,221,Hibernating
17515.0,32,4,639.02,4,639.02,32.0,4,4,3,443,Loyal Customers
17516.0,16,5,768.08,5,768.08,16.0,4,4,3,443,Loyal Customers
17517.0,309,1,153.94,1,153.94,309.0,1,2,1,121,Hibernating
17519.0,18,6,1844.02,6,1844.02,18.0,4,5,4,454,Champions
17520.0,54,1,546.81,1,546.81,54.0,3,2,3,323,Potential Loyalists
17521.0,30,3,723.21,3,723.21,30.0,4,4,3,443,Loyal Customers
17522.0,2,5,1070.71,5,1070.71,2.0,5,4,4,544,Champions
17523.0,12,4,652.74,4,652.74,12.0,5,4,3,543,Loyal Customers
17524.0,362,1,145.0,1,145.0,362.0,1,2,1,121,Hibernating
17525.0,360,1,422.7,1,422.7,360.0,1,2,2,122,Hibernating
17526.0,5,4,1195.9,4,1195.9,5.0,5,4,4,544,Champions
17527.0,54,4,939.37,4,939.37,54.0,3,4,3,343,Others
17528.0,2,8,3628.5,8,3628.5,2.0,5,5,5,555,Champions
17530.0,2,10,2385.0,10,2385.0,2.0,5,5,5,555,Champions
17531.0,191,1,296.7,1,296.7,191.0,1,2,2,122,Hibernating
17534.0,54,1,223.36,1,223.36,54.0,3,2,1,321,Potential Loyalists
17535.0,281,1,164.4,1,164.4,281.0,1,2,1,121,Hibernating
17536.0,178,1,76.5,1,76.5,178.0,2,2,1,221,Hibernating
17537.0,30,2,897.62,2,897.62,30.0,4,3,3,433,Loyal Customers
17538.0,26,1,98.42,1,98.42,26.0,4,2,1,421,Others
17540.0,25,2,578.9,2,578.9,25.0,4,3,3,433,Loyal Customers
17542.0,270,1,170.75,1,170.75,270.0,1,2,1,121,Hibernating
17545.0,44,3,645.96,3,645.96,44.0,3,4,3,343,Others
17548.0,234,1,103.3,1,103.3,234.0,1,2,1,121,Hibernating
17549.0,24,2,148.86,2,148.86,24.0,4,3,1,431,Others
17550.0,198,3,267.16,3,267.16,198.0,1,4,2,142,At Risk (High Frequency)
17551.0,360,1,306.84,1,306.84,360.0,1,2,2,122,Hibernating
17552.0,61,4,930.41,4,930.41,61.0,3,4,3,343,Others
17553.0,130,1,1487.6,1,1487.6,130.0,2,2,4,224,At Risk (High Value)
17554.0,2,5,1952.45,5,1952.45,2.0,5,4,4,544,Champions
17555.0,20,2,483.26,2,483.26,20.0,4,3,2,432,Others
17556.0,206,1,157.9,1,157.9,206.0,1,2,1,121,Hibernating
17557.0,15,3,541.46,3,541.46,15.0,4,4,3,443,Loyal Customers
17560.0,95,4,854.95,4,854.95,95.0,2,4,3,243,At Risk (High Frequency)
17561.0,20,1,167.62,1,167.62,20.0,4,2,1,421,Others
17562.0,15,7,1122.38,7,1122.38,15.0,4,5,4,454,Champions
17564.0,25,3,454.01,3,454.01,25.0,4,4,2,442,Others
17566.0,9,2,901.21,2,901.21,9.0,5,3,3,533,Loyal Customers
17567.0,8,8,4331.48,8,4331.48,8.0,5,5,5,555,Champions
17569.0,333,1,344.14,1,344.14,333.0,1,2,2,122,Hibernating
17571.0,51,4,1498.51,4,1498.51,51.0,3,4,4,344,Others
17572.0,72,4,226.75,4,226.75,72.0,3,4,1,341,Others
17573.0,30,3,380.6,3,380.6,30.0,4,4,2,442,Others
17574.0,243,1,185.65,1,185.65,243.0,1,2,1,121,Hibernating
17576.0,9,19,3622.68,19,3622.68,9.0,5,5,5,555,Champions
17578.0,219,1,143.46,1,143.46,219.0,1,2,1,121,Hibernating
17579.0,5,3,448.9,3,448.9,5.0,5,4,2,542,Others
17580.0,253,3,215.72,3,215.72,253.0,1,4,1,141,At Risk (High Frequency)
17581.0,1,25,11045.04,25,11045.04,1.0,5,5,5,555,Champions
17582.0,237,1,175.27,1,175.27,237.0,1,2,1,121,Hibernating
17584.0,8,2,1242.3,2,1242.3,8.0,5,3,4,534,Loyal Customers
17585.0,110,4,1133.07,4,1133.07,110.0,2,4,4,244,At Risk (High Frequency)
17588.0,101,3,1240.2,3,1240.2,101.0,2,4,4,244,At Risk (High Frequency)
17589.0,61,4,2404.17,4,2404.17,61.0,3,4,5,345,Others
17590.0,3,3,1479.22,3,1479.22,3.0,5,4,4,544,Champions
17591.0,74,7,2225.97,7,2225.97,74.0,2,5,5,255,At Risk (High Frequency)
17593.0,4,5,3927.34,5,3927.34,4.0,5,4,5,545,Champions
17594.0,86,2,993.18,2,993.18,86.0,2,3,4,234,At Risk (High Value)
17595.0,13,2,388.79,2,388.79,13.0,5,3,2,532,Others
17596.0,24,7,2827.93,7,2827.93,24.0,4,5,5,455,Champions
17597.0,214,1,2044.37,1,2044.37,214.0,1,2,4,124,At Risk (High Value)
17600.0,18,1,161.67,1,161.67,18.0,4,2,1,421,Others
17601.0,240,1,116.01,1,116.01,240.0,1,2,1,121,Hibernating
17602.0,3,6,5102.97,6,5102.97,3.0,5,5,5,555,Champions
17603.0,79,1,394.72,1,394.72,79.0,2,2,2,222,Hibernating
17604.0,218,2,309.36,2,309.36,218.0,1,3,2,132,Others
17608.0,34,2,193.42,2,193.42,34.0,3,3,1,331,Others
17609.0,41,5,1112.22,5,1112.22,41.0,3,4,4,344,Others
17611.0,8,15,3984.22,15,3984.22,8.0,5,5,5,555,Champions
17612.0,54,6,2048.45,6,2048.45,54.0,3,5,4,354,Others
17613.0,23,14,4559.15,14,4559.15,23.0,4,5,5,455,Champions
17614.0,58,1,390.07,1,390.07,58.0,3,2,2,322,Potential Loyalists
17615.0,131,3,329.6,3,329.6,131.0,2,4,2,242,At Risk (High Frequency)
17616.0,174,3,571.2,3,571.2,174.0,2,4,3,243,At Risk (High Frequency)
17618.0,6,3,971.58,3,971.58,6.0,5,4,4,544,Champions
17619.0,313,1,218.52,1,218.52,313.0,1,2,1,121,Hibernating
17620.0,60,1,81.44,1,81.44,60.0,3,2,1,321,Potential Loyalists
17621.0,22,3,1379.9,3,1379.9,22.0,4,4,4,444,Champions
17623.0,33,1,527.05,1,527.05,33.0,4,2,3,423,Others
17624.0,15,2,843.48,2,843.48,15.0,4,3,3,433,Loyal Customers
17625.0,19,4,2047.0,4,2047.0,19.0,4,4,4,444,Champions
17628.0,82,1,75.75,1,75.75,82.0,2,2,1,221,Hibernating
17629.0,6,8,1814.12,8,1814.12,6.0,5,5,4,554,Champions
17630.0,170,2,503.6,2,503.6,170.0,2,3,3,233,Others
17631.0,2,3,528.33,3,528.33,2.0,5,4,3,543,Loyal Customers
17633.0,32,4,1324.84,4,1324.84,32.0,4,4,4,444,Champions
17634.0,37,9,2361.97,9,2361.97,37.0,3,5,5,355,Others
17636.0,20,1,285.56,1,285.56,20.0,4,2,2,422,Others
17637.0,32,2,547.06,2,547.06,32.0,4,3,3,433,Loyal Customers
17639.0,277,1,108.5,1,108.5,277.0,1,2,1,121,Hibernating
17640.0,87,1,621.66,1,621.66,87.0,2,2,3,223,Others
17642.0,120,2,712.29,2,712.29,120.0,2,3,3,233,Others
17643.0,374,1,101.55,1,101.55,369.6300000000001,1,2,1,121,Hibernating
17644.0,2,11,2895.64,11,2895.64,2.0,5,5,5,555,Champions
17646.0,220,3,1008.39,3,1008.39,220.0,1,4,4,144,At Risk (High Frequency)
17647.0,66,1,133.06,1,133.06,66.0,3,2,1,321,Potential Loyalists
17648.0,61,4,1797.5,4,1797.5,61.0,3,4,4,344,Others
17649.0,139,1,868.49,1,868.49,139.0,2,2,3,223,Others
17650.0,22,1,166.08,1,166.08,22.0,4,2,1,421,Others
17651.0,12,10,3945.0,10,3945.0,12.0,5,5,5,555,Champions
17652.0,26,12,4867.72,12,4867.72,26.0,4,5,5,455,Champions
17653.0,37,4,1207.56,4,1207.56,37.0,3,4,4,344,Others
17654.0,278,1,117.55,1,117.55,278.0,1,2,1,121,Hibernating
17655.0,11,7,2638.94,7,2638.94,11.0,5,5,5,555,Champions
17656.0,74,5,1674.69,5,1674.69,74.0,2,4,4,244,At Risk (High Frequency)
17658.0,26,2,595.42,2,595.42,26.0,4,3,3,433,Loyal Customers
17659.0,18,12,2999.46,12,2999.46,18.0,4,5,5,455,Champions
17660.0,142,1,196.0,1,196.0,142.0,2,2,1,221,Hibernating
17663.0,26,7,1802.91,7,1802.91,26.0,4,5,4,454,Champions
17664.0,19,2,604.64,2,604.64,19.0,4,3,3,433,Loyal Customers
17666.0,4,2,728.16,2,728.16,4.0,5,3,3,533,Loyal Customers
17667.0,67,5,2055.51,5,2055.51,67.0,3,4,4,344,Others
17668.0,2,2,347.75,2,347.75,2.0,5,3,2,532,Others
17669.0,43,7,3406.72,7,3406.72,43.0,3,5,5,355,Others
17670.0,228,1,205.7,1,205.7,228.0,1,2,1,121,Hibernating
17671.0,16,4,1572.71,4,1572.71,16.0,4,4,4,444,Champions
17672.0,51,2,3178.17,2,3178.17,51.0,3,3,5,335,Others
17673.0,2,6,1629.12,6,1629.12,2.0,5,5,4,554,Champions
17674.0,75,2,551.04,2,551.04,75.0,2,3,3,233,Others
17675.0,2,31,20374.28,30,19880.99570000001,2.0,5,5,5,555,Champions
17676.0,5,6,1387.68,6,1387.68,5.0,5,5,4,554,Champions
17677.0,2,30,16363.23,30,16363.23,2.0,5,5,5,555,Champions
17678.0,264,1,298.11,1,298.11,264.0,1,2,2,122,Hibernating
17679.0,53,2,1992.11,2,1992.11,53.0,3,3,4,334,Others
17680.0,24,1,184.4,1,184.4,24.0,4,2,1,421,Others
17682.0,11,6,2474.33,6,2474.33,11.0,5,5,5,555,Champions
17684.0,44,1,239.41,1,239.41,44.0,3,2,1,321,Potential Loyalists
17685.0,17,7,3191.53,7,3191.53,17.0,4,5,5,455,Champions
17686.0,8,7,5739.46,7,5739.46,8.0,5,5,5,555,Champions
17690.0,31,15,4757.95,15,4757.95,31.0,4,5,5,455,Champions
17691.0,359,2,290.4,2,290.4,359.0,1,3,2,132,Others
17692.0,128,4,740.94,4,740.94,128.0,2,4,3,243,At Risk (High Frequency)
17693.0,138,1,200.47,1,200.47,138.0,2,2,1,221,Hibernating
17694.0,142,1,283.12,1,283.12,142.0,2,2,2,222,Hibernating
17695.0,132,2,765.34,2,765.34,132.0,2,3,3,233,Others
17696.0,39,8,2285.71,8,2285.71,39.0,3,5,5,355,Others
17697.0,237,1,338.95,1,338.95,237.0,1,2,2,122,Hibernating
17698.0,261,1,154.95,1,154.95,261.0,1,2,1,121,Hibernating
17700.0,17,4,2534.64,4,2534.64,17.0,4,4,5,445,Champions
17701.0,253,1,417.95,1,417.95,253.0,1,2,2,122,Hibernating
17702.0,31,4,1824.37,4,1824.37,31.0,4,4,4,444,Champions
17703.0,36,3,798.74,3,798.74,36.0,3,4,3,343,Others
17704.0,169,2,885.19,2,885.19,169.0,2,3,3,233,Others
17705.0,4,9,1823.52,9,1823.52,4.0,5,5,4,554,Champions
17706.0,5,17,10504.49,17,10504.49,5.0,5,5,5,555,Champions
17707.0,186,2,152.4,2,152.4,186.0,1,3,1,131,Others
17708.0,188,2,267.08,2,267.08,188.0,1,3,2,132,Others
17709.0,170,1,137.45,1,137.45,170.0,2,2,1,221,Hibernating
17711.0,11,2,385.1,2,385.1,11.0,5,3,2,532,Others
17712.0,45,1,522.91,1,522.91,45.0,3,2,3,323,Potential Loyalists
17714.0,321,1,153.0,1,153.0,321.0,1,2,1,121,Hibernating
17715.0,201,1,326.4,1,326.4,201.0,1,2,2,122,Hibernating
17716.0,23,11,5655.99,11,5655.99,23.0,4,5,5,455,Champions
17718.0,233,1,139.35,1,139.35,233.0,1,2,1,121,Hibernating
17719.0,38,15,5396.04,15,5396.04,38.0,3,5,5,355,Others
17720.0,27,4,1195.94,4,1195.94,27.0,4,4,4,444,Champions
17722.0,97,4,2424.04,4,2424.04,97.0,2,4,5,245,At Risk (High Frequency)
17723.0,128,6,3276.4,6,3276.4,128.0,2,5,5,255,At Risk (High Frequency)
17724.0,72,3,1033.0,3,1033.0,72.0,3,4,4,344,Others
17725.0,17,11,3439.08,11,3439.08,17.0,4,5,5,455,Champions
17727.0,16,1,1060.25,1,1060.25,16.0,4,2,4,424,Others
17728.0,4,3,2876.01,3,2876.01,4.0,5,4,5,545,Champions
17730.0,4,13,5298.48,13,5298.48,4.0,5,5,5,555,Champions
17731.0,80,4,1240.11,4,1240.11,80.0,2,4,4,244,At Risk (High Frequency)
17732.0,373,1,303.97,1,303.97,369.6300000000001,1,2,2,122,Hibernating
17733.0,39,2,692.19,2,692.19,39.0,3,3,3,333,Others
17734.0,54,3,700.63,3,700.63,54.0,3,4,3,343,Others
17735.0,3,19,13110.02,19,13110.02,3.0,5,5,5,555,Champions
17736.0,10,3,377.44,3,377.44,10.0,5,4,2,542,Others
17737.0,10,2,168.24,2,168.24,10.0,5,3,1,531,Others
17738.0,20,4,1879.05,4,1879.05,20.0,4,4,4,444,Champions
17739.0,12,7,2791.35,7,2791.35,12.0,5,5,5,555,Champions
17742.0,114,2,355.11,2,355.11,114.0,2,3,2,232,Others
17744.0,4,6,2322.4,6,2322.4,4.0,5,5,5,555,Champions
17746.0,241,1,110.25,1,110.25,241.0,1,2,1,121,Hibernating
17747.0,113,1,71.4,1,71.4,113.0,2,2,1,221,Hibernating
17749.0,179,2,674.52,2,674.52,179.0,2,3,3,233,Others
17750.0,6,9,1797.57,9,1797.57,6.0,5,5,4,554,Champions
17752.0,360,1,80.64,1,80.64,360.0,1,2,1,121,Hibernating
17754.0,1,5,1772.26,5,1772.26,1.0,5,4,4,544,Champions
17757.0,2,30,5605.29,30,5605.29,2.0,5,5,5,555,Champions
17758.0,20,8,3456.7,8,3456.7,20.0,4,5,5,455,Champions
17759.0,18,3,834.99,3,834.99,18.0,4,4,3,443,Loyal Customers
17760.0,22,2,287.59,2,287.59,22.0,4,3,2,432,Others
17761.0,33,1,712.78,1,712.78,33.0,4,2,3,423,Others
17763.0,264,1,15.0,1,15.0,264.0,1,2,1,121,Hibernating
17764.0,51,2,818.82,2,818.82,51.0,3,3,3,333,Others
17765.0,159,3,371.88,3,371.88,159.0,2,4,2,242,At Risk (High Frequency)
17767.0,16,1,271.2,1,271.2,16.0,4,2,2,422,Others
17768.0,9,3,2273.18,3,2273.18,9.0,5,4,5,545,Champions
17769.0,13,10,3997.98,10,3997.98,13.0,5,5,5,555,Champions
17770.0,199,5,1143.27,5,1143.27,199.0,1,4,4,144,At Risk (High Frequency)
17771.0,57,2,245.81,2,245.81,57.0,3,3,1,331,Others
17772.0,11,2,182.77,2,182.77,11.0,5,3,1,531,Others
17774.0,97,4,1225.41,4,1225.41,97.0,2,4,4,244,At Risk (High Frequency)
17775.0,255,1,56.4,1,56.4,255.0,1,2,1,121,Hibernating
17777.0,25,3,665.86,3,665.86,25.0,4,4,3,443,Loyal Customers
17779.0,22,3,658.57,3,658.57,22.0,4,4,3,443,Loyal Customers
17781.0,160,2,188.02,2,188.02,160.0,2,3,1,231,Others
17783.0,73,2,283.47,2,283.47,73.0,2,3,2,232,Others
17785.0,54,1,131.94,1,131.94,54.0,3,2,1,321,Potential Loyalists
17786.0,86,2,278.74,2,278.74,86.0,2,3,2,232,Others
17787.0,153,4,1865.19,4,1865.19,153.0,2,4,4,244,At Risk (High Frequency)
17788.0,74,2,1117.9,2,1117.9,74.0,2,3,4,234,At Risk (High Value)
17789.0,282,1,225.9,1,225.9,282.0,1,2,1,121,Hibernating
17790.0,27,14,1965.55,14,1965.55,27.0,4,5,4,454,Champions
17791.0,30,1,106.1,1,106.1,30.0,4,2,1,421,Others
17793.0,26,1,323.04,1,323.04,26.0,4,2,2,422,Others
17795.0,180,2,350.39,2,350.39,180.0,2,3,2,232,Others
17796.0,41,4,697.9,4,697.9,41.0,3,4,3,343,Others
17797.0,23,3,780.43,3,780.43,23.0,4,4,3,443,Loyal Customers
17799.0,23,10,3055.93,10,3055.93,23.0,4,5,5,455,Champions
17800.0,38,9,1199.01,9,1199.01,38.0,3,5,4,354,Others
17802.0,83,3,1285.04,3,1285.04,83.0,2,4,4,244,At Risk (High Frequency)
17805.0,74,1,512.31,1,512.31,74.0,2,2,3,223,Others
17806.0,12,1,546.04,1,546.04,12.0,5,2,3,523,New Customers
17809.0,17,12,5411.91,12,5411.91,17.0,4,5,5,455,Champions
17811.0,5,39,7837.73,30,7837.73,5.0,5,5,5,555,Champions
17812.0,13,4,732.16,4,732.16,13.0,5,4,3,543,Loyal Customers
17813.0,15,5,1770.88,5,1770.88,15.0,4,4,4,444,Champions
17816.0,37,4,36.56,4,36.56,37.0,3,4,1,341,Others
17817.0,5,3,387.68,3,387.68,5.0,5,4,2,542,Others
17819.0,72,7,3704.87,7,3704.87,72.0,3,5,5,355,Others
17824.0,52,1,298.4,1,298.4,52.0,3,2,2,322,Potential Loyalists
17827.0,6,5,1995.46,5,1995.46,6.0,5,4,4,544,Champions
17828.0,23,4,1820.09,4,1820.09,23.0,4,4,4,444,Champions
17829.0,299,1,889.24,1,889.24,299.0,1,2,3,123,Others
17830.0,2,3,398.7,3,398.7,2.0,5,4,2,542,Others
17831.0,34,1,35.4,1,35.4,34.0,3,2,1,321,Potential Loyalists
17832.0,50,1,155.37,1,155.37,50.0,3,2,1,321,Potential Loyalists
17835.0,3,3,350.64,3,350.64,3.0,5,4,2,542,Others
17836.0,48,1,110.21,1,110.21,48.0,3,2,1,321,Potential Loyalists
17837.0,43,8,1593.38,8,1593.38,43.0,3,5,4,354,Others
17838.0,27,5,2779.3,5,2779.3,27.0,4,4,5,445,Champions
17839.0,43,1,338.8,1,338.8,43.0,3,2,2,322,Potential Loyalists
17841.0,2,124,40991.57,30,19880.99570000001,2.0,5,5,5,555,Champions
17843.0,304,1,205.48,1,205.48,304.0,1,2,1,121,Hibernating
17844.0,107,1,51.56,1,51.56,107.0,2,2,1,221,Hibernating
17846.0,86,1,2033.1,1,2033.1,86.0,2,2,4,224,At Risk (High Value)
17848.0,82,9,901.2,9,901.2,82.0,2,5,3,253,At Risk (High Frequency)
17849.0,219,4,605.8,4,605.8,219.0,1,4,3,143,At Risk (High Frequency)
17850.0,373,34,5391.21,30,5391.21,369.6300000000001,1,5,5,155,At Risk (High Frequency)
17852.0,12,2,114.34,2,114.34,12.0,5,3,1,531,Others
17854.0,186,2,311.26,2,311.26,186.0,1,3,2,132,Others
17855.0,373,1,208.97,1,208.97,369.6300000000001,1,2,1,121,Hibernating
17856.0,2,4,1418.03,4,1418.03,2.0,5,4,4,544,Champions
17857.0,5,23,26879.04,23,19880.99570000001,5.0,5,5,5,555,Champions
17858.0,6,12,5155.66,12,5155.66,6.0,5,5,5,555,Champions
17859.0,305,1,148.21,1,148.21,305.0,1,2,1,121,Hibernating
17860.0,369,1,252.8,1,252.8,369.0,1,2,2,122,Hibernating
17861.0,4,8,2100.8,8,2100.8,4.0,5,5,5,555,Champions
17862.0,324,1,330.9,1,330.9,324.0,1,2,2,122,Hibernating
17863.0,60,6,3160.0,6,3160.0,60.0,3,5,5,355,Others
17864.0,13,3,597.5,3,597.5,13.0,5,4,3,543,Loyal Customers
17865.0,31,20,10526.32,20,10526.32,31.0,4,5,5,455,Champions
17866.0,143,1,329.65,1,329.65,143.0,2,2,2,222,Hibernating
17867.0,31,6,1197.1,6,1197.1,31.0,4,5,4,454,Champions
17869.0,108,5,428.18,5,428.18,108.0,2,4,2,242,At Risk (High Frequency)
17870.0,3,12,1894.35,12,1894.35,3.0,5,5,4,554,Champions
17871.0,205,1,155.9,1,155.9,205.0,1,2,1,121,Hibernating
17873.0,81,5,1859.16,5,1859.16,81.0,2,4,4,244,At Risk (High Frequency)
17874.0,186,6,683.46,6,683.46,186.0,1,5,3,153,At Risk (High Frequency)
17877.0,171,1,237.61,1,237.61,171.0,2,2,1,221,Hibernating
17878.0,44,1,379.45,1,379.45,44.0,3,2,2,322,Potential Loyalists
17879.0,174,1,178.52,1,178.52,174.0,2,2,1,221,Hibernating
17880.0,365,1,458.92,1,458.92,365.0,1,2,2,122,Hibernating
17881.0,305,1,133.35,1,133.35,305.0,1,2,1,121,Hibernating
17883.0,4,4,671.77,4,671.77,4.0,5,4,3,543,Loyal Customers
17884.0,4,4,717.45,4,717.45,4.0,5,4,3,543,Loyal Customers
17885.0,13,1,190.19,1,190.19,13.0,5,2,1,521,New Customers
17886.0,32,3,899.61,3,899.61,32.0,4,4,3,443,Loyal Customers
17887.0,130,1,111.35,1,111.35,130.0,2,2,1,221,Hibernating
17888.0,22,8,726.05,8,726.05,22.0,4,5,3,453,Loyal Customers
17889.0,213,2,203.87,2,203.87,213.0,1,3,1,131,Others
17890.0,323,2,602.09,2,602.09,323.0,1,3,3,133,Others
17891.0,163,1,203.86,1,203.86,163.0,2,2,1,221,Hibernating
17892.0,57,3,244.1,3,244.1,57.0,3,4,1,341,Others
17893.0,226,1,112.25,1,112.25,226.0,1,2,1,121,Hibernating
17894.0,72,8,1119.81,8,1119.81,72.0,3,5,4,354,Others
17895.0,45,1,98.0,1,98.0,45.0,3,2,1,321,Potential Loyalists
17896.0,24,1,256.32,1,256.32,24.0,4,2,2,422,Others
17897.0,173,3,566.6,3,566.6,173.0,2,4,3,243,At Risk (High Frequency)
17898.0,86,2,152.06,2,152.06,86.0,2,3,1,231,Others
17899.0,160,1,155.8,1,155.8,160.0,2,2,1,221,Hibernating
17900.0,191,2,112.2,2,112.2,191.0,1,3,1,131,Others
17901.0,30,1,110.38,1,110.38,30.0,4,2,1,421,Others
17904.0,22,1,191.67,1,191.67,22.0,4,2,1,421,Others
17905.0,72,4,800.24,4,800.24,72.0,3,4,3,343,Others
17906.0,248,1,72.9,1,72.9,248.0,1,2,1,121,Hibernating
17908.0,374,1,243.28,1,243.28,369.6300000000001,1,2,1,121,Hibernating
17911.0,10,1,366.23,1,366.23,10.0,5,2,2,522,New Customers
17912.0,311,5,311.01,5,311.01,311.0,1,4,2,142,At Risk (High Frequency)
17913.0,59,2,411.6,2,411.6,59.0,3,3,2,332,Others
17914.0,4,1,336.43,1,336.43,4.0,5,2,2,522,New Customers
17917.0,46,3,341.28,3,341.28,46.0,3,4,2,342,Others
17919.0,89,1,1304.04,1,1304.04,89.0,2,2,4,224,At Risk (High Value)
17920.0,5,17,4204.1,17,4204.1,5.0,5,5,5,555,Champions
17921.0,65,4,826.52,4,826.52,65.0,3,4,3,343,Others
17923.0,283,1,207.5,1,207.5,283.0,1,2,1,121,Hibernating
17924.0,12,7,2962.5,7,2962.5,12.0,5,5,5,555,Champions
17925.0,373,1,244.08,1,244.08,369.6300000000001,1,2,1,121,Hibernating
17926.0,134,2,397.29,2,397.29,134.0,2,3,2,232,Others
17928.0,46,2,212.54,2,212.54,46.0,3,3,1,331,Others
17929.0,12,4,843.0,4,843.0,12.0,5,4,3,543,Loyal Customers
17930.0,36,5,1740.48,5,1740.48,36.0,3,4,4,344,Others
17931.0,135,2,408.36,2,408.36,135.0,2,3,2,232,Others
17932.0,30,3,1331.57,3,1331.57,30.0,4,4,4,444,Champions
17934.0,52,2,704.25,2,704.25,52.0,3,3,3,333,Others
17935.0,139,2,145.79,2,145.79,139.0,2,3,1,231,Others
17936.0,6,1,389.84,1,389.84,6.0,5,2,2,522,New Customers
17937.0,9,7,4301.22,7,4301.22,9.0,5,5,5,555,Champions
17939.0,160,1,99.14,1,99.14,160.0,2,2,1,221,Hibernating
17940.0,50,10,4106.44,10,4106.44,50.0,3,5,5,355,Others
17941.0,131,1,304.56,1,304.56,131.0,2,2,2,222,Hibernating
17942.0,8,1,77.5,1,77.5,8.0,5,2,1,521,New Customers
17946.0,234,2,149.58,2,149.58,234.0,1,3,1,131,Others
17947.0,38,1,176.68,1,176.68,38.0,3,2,1,321,Potential Loyalists
17948.0,148,1,358.56,1,358.56,148.0,2,2,2,222,Hibernating
17949.0,2,45,58510.48,30,19880.99570000001,2.0,5,5,5,555,Champions
17950.0,73,3,482.2,3,482.2,73.0,2,4,2,242,At Risk (High Frequency)
17951.0,40,3,1008.54,3,1008.54,40.0,3,4,4,344,Others
17954.0,6,12,2332.72,12,2332.72,6.0,5,5,5,555,Champions
17955.0,199,4,557.3,4,557.3,199.0,1,4,3,143,At Risk (High Frequency)
17956.0,250,1,12.75,1,12.75,250.0,1,2,1,121,Hibernating
17957.0,67,1,111.68,1,111.68,67.0,3,2,1,321,Potential Loyalists
17958.0,117,1,508.46,1,508.46,117.0,2,2,3,223,Others
17960.0,172,1,73.78,1,73.78,172.0,2,2,1,221,Hibernating
17961.0,22,39,1296.44,30,1296.44,22.0,4,5,4,454,Champions
17962.0,143,1,102.83,1,102.83,143.0,2,2,1,221,Hibernating
17964.0,32,2,471.7,2,471.7,32.0,4,3,2,432,Others
17965.0,38,14,2622.57,14,2622.57,38.0,3,5,5,355,Others
17966.0,38,5,1098.43,5,1098.43,38.0,3,4,4,344,Others
17967.0,372,1,123.07,1,123.07,369.6300000000001,1,2,1,121,Hibernating
17968.0,374,1,277.35,1,277.35,369.6300000000001,1,2,2,122,Hibernating
17969.0,167,2,228.2,2,228.2,167.0,2,3,1,231,Others
17970.0,212,1,582.59,1,582.59,212.0,1,2,3,123,Others
17972.0,242,1,136.04,1,136.04,242.0,1,2,1,121,Hibernating
17973.0,52,1,337.04,1,337.04,52.0,3,2,2,322,Potential Loyalists
17974.0,25,3,740.79,3,740.79,25.0,4,4,3,443,Loyal Customers
17975.0,16,13,4488.81,13,4488.81,16.0,4,5,5,455,Champions
17976.0,373,1,353.19,1,353.19,369.6300000000001,1,2,2,122,Hibernating
17977.0,30,1,288.14,1,288.14,30.0,4,2,2,422,Others
17978.0,366,1,300.92,1,300.92,366.0,1,2,2,122,Hibernating
17979.0,36,4,757.71,4,757.71,36.0,3,4,3,343,Others
17980.0,166,3,811.45,3,811.45,166.0,2,4,3,243,At Risk (High Frequency)
17984.0,146,1,152.68,1,152.68,146.0,2,2,1,221,Hibernating
17985.0,23,1,634.95,1,634.95,23.0,4,2,3,423,Others
17986.0,57,1,20.8,1,20.8,57.0,3,2,1,321,Potential Loyalists
17987.0,186,1,198.57,1,198.57,186.0,1,2,1,121,Hibernating
17988.0,12,7,201.12,7,201.12,12.0,5,5,1,551,Others
17990.0,237,3,630.84,3,630.84,237.0,1,4,3,143,At Risk (High Frequency)
17991.0,226,2,93.35,2,93.35,226.0,1,3,1,131,Others
17994.0,122,4,678.49,4,678.49,122.0,2,4,3,243,At Risk (High Frequency)
17995.0,282,1,76.1,1,76.1,282.0,1,2,1,121,Hibernating
17997.0,75,8,1970.67,8,1970.67,75.0,2,5,4,254,At Risk (High Frequency)
17999.0,38,2,382.06,2,382.06,38.0,3,3,2,332,Others
18001.0,13,2,417.23,2,417.23,13.0,5,3,2,532,Others
18004.0,363,1,169.47,1,169.47,363.0,1,2,1,121,Hibernating
18005.0,4,2,249.72,2,249.72,4.0,5,3,1,531,Others
18006.0,24,1,444.68,1,444.68,24.0,4,2,2,422,Others
18008.0,71,9,2116.19,9,2116.19,71.0,3,5,5,355,Others
18009.0,236,1,257.34,1,257.34,236.0,1,2,2,122,Hibernating
18010.0,257,1,174.8,1,174.8,257.0,1,2,1,121,Hibernating
18011.0,374,1,102.79,1,102.79,369.6300000000001,1,2,1,121,Hibernating
18013.0,156,2,187.29,2,187.29,156.0,2,3,1,231,Others
18014.0,29,1,166.42,1,166.42,29.0,4,2,1,421,Others
18015.0,5,1,120.03,1,120.03,5.0,5,2,1,521,New Customers
18016.0,33,5,1483.56,5,1483.56,33.0,4,4,4,444,Champions
18017.0,82,3,523.0,3,523.0,82.0,2,4,3,243,At Risk (High Frequency)
18018.0,109,2,122.14,2,122.14,109.0,2,3,1,231,Others
18019.0,52,1,38.45,1,38.45,52.0,3,2,1,321,Potential Loyalists
18022.0,36,1,668.11,1,668.11,36.0,3,2,3,323,Potential Loyalists
18024.0,153,2,389.78,2,389.78,153.0,2,3,2,232,Others
18027.0,99,1,115.31,1,115.31,99.0,2,2,1,221,Hibernating
18030.0,5,2,230.65,2,230.65,5.0,5,3,1,531,Others
18032.0,335,1,73.5,1,73.5,335.0,1,2,1,121,Hibernating
18033.0,66,1,97.97,1,97.97,66.0,3,2,1,321,Potential Loyalists
18034.0,22,2,422.88,2,422.88,22.0,4,3,2,432,Others
18035.0,36,3,730.4,3,730.4,36.0,3,4,3,343,Others
18036.0,33,3,405.62,3,405.62,33.0,4,4,2,442,Others
18037.0,155,6,70.02,6,70.02,155.0,2,5,1,251,At Risk (High Frequency)
18040.0,20,2,357.2,2,357.2,20.0,4,3,2,432,Others
18041.0,12,21,4183.39,21,4183.39,12.0,5,5,5,555,Champions
18042.0,54,1,165.05,1,165.05,54.0,3,2,1,321,Potential Loyalists
18043.0,25,3,559.51,3,559.51,25.0,4,4,3,443,Loyal Customers
18044.0,5,10,2088.6,10,2088.6,5.0,5,5,5,555,Champions
18045.0,46,1,189.4,1,189.4,46.0,3,2,1,321,Potential Loyalists
18048.0,204,2,172.29,2,172.29,204.0,1,3,1,131,Others
18050.0,360,1,74.4,1,74.4,360.0,1,2,1,121,Hibernating
18053.0,71,1,300.02,1,300.02,71.0,3,2,2,322,Potential Loyalists
18055.0,8,10,6784.19,10,6784.19,8.0,5,5,5,555,Champions
18056.0,289,1,363.65,1,363.65,289.0,1,2,2,122,Hibernating
18058.0,10,1,170.16,1,170.16,10.0,5,2,1,521,New Customers
18059.0,24,3,306.46,3,306.46,24.0,4,4,2,442,Others
18061.0,22,10,2119.41,10,2119.41,22.0,4,5,5,455,Champions
18062.0,174,3,720.52,3,720.52,174.0,2,4,3,243,At Risk (High Frequency)
18064.0,134,2,814.0,2,814.0,134.0,2,3,3,233,Others
18065.0,6,14,2392.83,14,2392.83,6.0,5,5,5,555,Champions
18066.0,76,1,318.0,1,318.0,76.0,2,2,2,222,Hibernating
18067.0,41,1,396.33,1,396.33,41.0,3,2,2,322,Potential Loyalists
18068.0,290,1,101.7,1,101.7,290.0,1,2,1,121,Hibernating
18069.0,27,5,2036.67,5,2036.67,27.0,4,4,4,444,Champions
18071.0,258,2,453.0,2,453.0,258.0,1,3,2,132,Others
18072.0,186,1,247.44,1,247.44,186.0,1,2,1,121,Hibernating
18073.0,115,12,3877.52,12,3877.52,115.0,2,5,5,255,At Risk (High Frequency)
18074.0,374,1,489.6,1,489.6,369.6300000000001,1,2,2,122,Hibernating
18075.0,24,10,2611.75,10,2611.75,24.0,4,5,5,455,Champions
18077.0,9,11,2633.01,11,2633.01,9.0,5,5,5,555,Champions
18078.0,218,2,336.13,2,336.13,218.0,1,3,2,132,Others
18079.0,46,4,3651.97,4,3651.97,46.0,3,4,5,345,Others
18080.0,19,2,1231.5,2,1231.5,19.0,4,3,4,434,Loyal Customers
18081.0,37,3,343.45,3,343.45,37.0,3,4,2,342,Others
18082.0,26,1,703.37,1,703.37,26.0,4,2,3,423,Others
18084.0,17,1,90.48,1,90.48,17.0,4,2,1,421,Others
18085.0,331,2,689.95,2,689.95,331.0,1,3,3,133,Others
18086.0,275,1,101.34,1,101.34,275.0,1,2,1,121,Hibernating
18087.0,99,2,4055.72,2,4055.72,99.0,2,3,5,235,At Risk (High Value)
18088.0,62,1,167.67,1,167.67,62.0,3,2,1,321,Potential Loyalists
18092.0,3,11,9068.26,11,9068.26,3.0,5,5,5,555,Champions
18093.0,94,4,2106.52,4,2106.52,94.0,2,4,5,245,At Risk (High Frequency)
18094.0,82,7,3017.3,7,3017.3,82.0,2,5,5,255,At Risk (High Frequency)
18095.0,313,2,580.05,2,580.05,313.0,1,3,3,133,Others
18096.0,12,3,911.15,3,911.15,12.0,5,4,3,543,Loyal Customers
18097.0,8,6,2697.8,6,2697.8,8.0,5,5,5,555,Champions
18099.0,128,1,168.31,1,168.31,128.0,2,2,1,221,Hibernating
18101.0,12,2,223.65,2,223.65,12.0,5,3,1,531,Others
18102.0,1,60,259657.3,30,19880.99570000001,1.0,5,5,5,555,Champions
18104.0,38,1,754.64,1,754.64,38.0,3,2,3,323,Potential Loyalists
18105.0,38,1,113.48,1,113.48,38.0,3,2,1,321,Potential Loyalists
18106.0,330,1,430.7,1,430.7,330.0,1,2,2,122,Hibernating
18108.0,255,1,271.0,1,271.0,255.0,1,2,2,122,Hibernating
18109.0,2,26,8052.97,26,8052.97,2.0,5,5,5,555,Champions
18110.0,20,1,236.3,1,236.3,20.0,4,2,1,421,Others
18112.0,13,2,352.69,2,352.69,13.0,5,3,2,532,Others
18113.0,369,1,76.32,1,76.32,369.0,1,2,1,121,Hibernating
18114.0,291,1,220.1,1,220.1,291.0,1,2,1,121,Hibernating
18116.0,68,8,1418.03,8,1418.03,68.0,3,5,4,354,Others
18117.0,26,1,320.72,1,320.72,26.0,4,2,2,422,Others
18118.0,11,26,5653.82,26,5653.82,11.0,5,5,5,555,Champions
18119.0,368,1,181.12,1,181.12,368.0,1,2,1,121,Hibernating
18120.0,215,1,111.15,1,111.15,215.0,1,2,1,121,Hibernating
18121.0,150,2,673.1,2,673.1,150.0,2,3,3,233,Others
18122.0,9,6,1826.21,6,1826.21,9.0,5,5,4,554,Champions
18123.0,25,2,589.44,2,589.44,25.0,4,3,3,433,Loyal Customers
18125.0,30,4,1142.99,4,1142.99,30.0,4,4,4,444,Champions
18126.0,61,1,206.83,1,206.83,61.0,3,2,1,321,Potential Loyalists
18127.0,20,3,348.73,3,348.73,20.0,4,4,2,442,Others
18129.0,244,1,112.55,1,112.55,244.0,1,2,1,121,Hibernating
18130.0,16,3,1059.39,3,1059.39,16.0,4,4,4,444,Champions
18133.0,213,1,931.5,1,931.5,213.0,1,2,3,123,Others
18135.0,30,5,681.91,5,681.91,30.0,4,4,3,443,Loyal Customers
18136.0,64,3,784.33,3,784.33,64.0,3,4,3,343,Others
18138.0,296,1,152.65,1,152.65,296.0,1,2,1,121,Hibernating
18139.0,18,6,8438.34,6,8438.34,18.0,4,5,5,455,Champions
18142.0,158,2,1019.52,2,1019.52,158.0,2,3,4,234,At Risk (High Value)
18143.0,117,2,1000.16,2,1000.16,117.0,2,3,4,234,At Risk (High Value)
18144.0,8,12,2888.75,12,2888.75,8.0,5,5,5,555,Champions
18145.0,13,4,2861.55,4,2861.55,13.0,5,4,5,545,Champions
18146.0,141,2,160.35,2,160.35,141.0,2,3,1,231,Others
18147.0,46,2,179.34,2,179.34,46.0,3,3,1,331,Others
18149.0,51,3,612.08,3,612.08,51.0,3,4,3,343,Others
18150.0,33,3,566.58,3,566.58,33.0,4,4,3,443,Loyal Customers
18151.0,135,2,653.35,2,653.35,135.0,2,3,3,233,Others
18154.0,4,2,399.19,2,399.19,4.0,5,3,2,532,Others
18155.0,76,3,371.62,3,371.62,76.0,2,4,2,242,At Risk (High Frequency)
18156.0,13,2,734.94,2,734.94,13.0,5,3,3,533,Loyal Customers
18158.0,10,2,453.4,2,453.4,10.0,5,3,2,532,Others
18159.0,302,1,530.15,1,530.15,302.0,1,2,3,123,Others
18160.0,58,2,638.06,2,638.06,58.0,3,3,3,333,Others
18161.0,16,5,1618.69,5,1618.69,16.0,4,4,4,444,Champions
18164.0,38,1,399.65,1,399.65,38.0,3,2,2,322,Potential Loyalists
18165.0,178,1,302.46,1,302.46,178.0,2,2,2,222,Hibernating
18167.0,24,3,1384.86,3,1384.86,24.0,4,4,4,444,Champions
18168.0,177,6,1169.94,6,1169.94,177.0,2,5,4,254,At Risk (High Frequency)
18169.0,61,1,202.65,1,202.65,61.0,3,2,1,321,Potential Loyalists
18170.0,34,3,980.31,3,980.31,34.0,3,4,4,344,Others
18171.0,59,5,1231.31,5,1231.31,59.0,3,4,4,344,Others
18172.0,15,20,7561.68,20,7561.68,15.0,4,5,5,455,Champions
18173.0,87,4,2106.84,4,2106.84,87.0,2,4,5,245,At Risk (High Frequency)
18174.0,8,1,104.0,1,104.0,8.0,5,2,1,521,New Customers
18176.0,359,1,476.35,1,476.35,359.0,1,2,2,122,Hibernating
18177.0,32,6,1341.42,6,1341.42,32.0,4,5,4,454,Champions
18178.0,129,4,1590.81,4,1590.81,129.0,2,4,4,244,At Risk (High Frequency)
18179.0,10,6,1793.17,6,1793.17,10.0,5,5,4,554,Champions
18180.0,5,6,1843.75,6,1843.75,5.0,5,5,4,554,Champions
18181.0,25,1,382.8,1,382.8,25.0,4,2,2,422,Others
18183.0,228,2,632.07,2,632.07,228.0,1,3,3,133,Others
18184.0,16,1,49.8,1,49.8,16.0,4,2,1,421,Others
18185.0,250,1,304.25,1,304.25,250.0,1,2,2,122,Hibernating
18188.0,16,3,2001.04,3,2001.04,16.0,4,4,4,444,Champions
18189.0,78,2,1090.24,2,1090.24,78.0,2,3,4,234,At Risk (High Value)
18190.0,193,2,284.46,2,284.46,193.0,1,3,2,132,Others
18191.0,262,1,207.8,1,207.8,262.0,1,2,1,121,Hibernating
18192.0,72,1,957.97,1,957.97,72.0,3,2,4,324,Potential Loyalists
18193.0,166,1,243.76,1,243.76,166.0,2,2,1,221,Hibernating
18194.0,83,1,973.84,1,973.84,83.0,2,2,4,224,At Risk (High Value)
18196.0,96,2,689.13,2,689.13,96.0,2,3,3,233,Others
18198.0,5,17,5425.56,17,5425.56,5.0,5,5,5,555,Champions
18200.0,107,1,163.8,1,163.8,107.0,2,2,1,221,Hibernating
18202.0,200,3,1396.99,3,1396.99,200.0,1,4,4,144,At Risk (High Frequency)
18203.0,158,1,160.42,1,160.42,158.0,2,2,1,221,Hibernating
18204.0,72,3,1993.7,3,1993.7,72.0,3,4,4,344,Others
18205.0,37,2,517.36,2,517.36,37.0,3,3,3,333,Others
18209.0,29,1,139.1,1,139.1,29.0,4,2,1,421,Others
18210.0,2,6,2621.38,6,2621.38,2.0,5,5,5,555,Champions
18211.0,26,5,600.07,5,600.07,26.0,4,4,3,443,Loyal Customers
18212.0,327,1,248.42,1,248.42,327.0,1,2,1,121,Hibernating
18213.0,237,1,232.48,1,232.48,237.0,1,2,1,121,Hibernating
18215.0,90,1,299.34,1,299.34,90.0,2,2,2,222,Hibernating
18216.0,32,1,481.75,1,481.75,32.0,4,2,2,422,Others
18217.0,30,2,621.75,2,621.75,30.0,4,3,3,433,Loyal Customers
18218.0,212,2,662.08,2,662.08,212.0,1,3,3,133,Others
18219.0,3,10,2069.77,10,2069.77,3.0,5,5,5,555,Champions
18220.0,227,1,305.28,1,305.28,227.0,1,2,2,122,Hibernating
18221.0,23,5,1041.61,5,1041.61,23.0,4,4,4,444,Champions
18222.0,93,1,443.0,1,443.0,93.0,2,2,2,222,Hibernating
18223.0,5,14,6484.54,14,6484.54,5.0,5,5,5,555,Champions
18224.0,264,1,158.95,1,158.95,264.0,1,2,1,121,Hibernating
18225.0,4,12,5509.12,12,5509.12,4.0,5,5,5,555,Champions
18226.0,45,11,5228.05,11,5228.05,45.0,3,5,5,355,Others
18227.0,218,1,93.75,1,93.75,218.0,1,2,1,121,Hibernating
18228.0,57,2,779.9,2,779.9,57.0,3,3,3,333,Others
18229.0,12,20,7276.9,20,7276.9,12.0,5,5,5,555,Champions
18230.0,10,7,2810.2,7,2810.2,10.0,5,5,5,555,Champions
18231.0,193,5,2083.27,5,2083.27,193.0,1,4,5,145,At Risk (High Frequency)
18232.0,82,4,592.97,4,592.97,82.0,2,4,3,243,At Risk (High Frequency)
18233.0,326,1,440.0,1,440.0,326.0,1,2,2,122,Hibernating
18235.0,72,3,1796.48,3,1796.48,72.0,3,4,4,344,Others
18236.0,30,6,882.24,6,882.24,30.0,4,5,3,453,Loyal Customers
18237.0,3,5,987.1,5,987.1,3.0,5,4,4,544,Champions
18239.0,219,5,1561.61,5,1561.61,219.0,1,4,4,144,At Risk (High Frequency)
18240.0,47,1,422.58,1,422.58,47.0,3,2,2,322,Potential Loyalists
18241.0,10,17,2073.09,17,2073.09,10.0,5,5,5,555,Champions
18242.0,73,4,2232.49,4,2232.49,73.0,2,4,5,245,At Risk (High Frequency)
18245.0,8,7,2567.06,7,2567.06,8.0,5,5,5,555,Champions
18246.0,24,2,596.1,2,596.1,24.0,4,3,3,433,Loyal Customers
18248.0,123,2,804.02,2,804.02,123.0,2,3,3,233,Others
18249.0,18,1,95.34,1,95.34,18.0,4,2,1,421,Others
18250.0,311,1,349.27,1,349.27,311.0,1,2,2,122,Hibernating
18251.0,88,1,4314.72,1,4314.72,88.0,2,2,5,225,At Risk (High Value)
18252.0,51,2,526.67,2,526.67,51.0,3,3,3,333,Others
18255.0,90,1,103.3,1,103.3,90.0,2,2,1,221,Hibernating
18257.0,40,8,2337.63,8,2337.63,40.0,3,5,5,355,Others
18259.0,25,3,2338.6,3,2338.6,25.0,4,4,5,445,Champions
18260.0,173,6,2643.2,6,2643.2,173.0,2,5,5,255,At Risk (High Frequency)
18261.0,44,2,324.24,2,324.24,44.0,3,3,2,332,Others
18262.0,141,1,149.48,1,149.48,141.0,2,2,1,221,Hibernating
18263.0,26,3,1213.16,3,1213.16,26.0,4,4,4,444,Champions
18265.0,73,2,801.51,2,801.51,73.0,2,3,3,233,Others
18268.0,135,1,25.5,1,25.5,135.0,2,2,1,221,Hibernating
18269.0,367,1,168.6,1,168.6,367.0,1,2,1,121,Hibernating
18270.0,39,2,283.15,2,283.15,39.0,3,3,2,332,Others
18272.0,3,6,3078.58,6,3078.58,3.0,5,5,5,555,Champions
18273.0,3,3,204.0,3,204.0,3.0,5,4,1,541,Others
18274.0,31,1,175.92,1,175.92,31.0,4,2,1,421,Others
18276.0,44,1,335.86,1,335.86,44.0,3,2,2,322,Potential Loyalists
18277.0,59,1,110.38,1,110.38,59.0,3,2,1,321,Potential Loyalists
18278.0,74,1,173.9,1,173.9,74.0,2,2,1,221,Hibernating
18280.0,278,1,180.6,1,180.6,278.0,1,2,1,121,Hibernating
18281.0,181,1,80.82,1,80.82,181.0,1,2,1,121,Hibernating
18282.0,8,2,178.05,2,178.05,8.0,5,3,1,531,Others
18283.0,4,16,2094.88,16,2094.88,4.0,5,5,5,555,Champions
18287.0,43,3,1837.28,3,1837.28,43.0,3,4,4,344,Others
